毛利率,營業利益率OPM,利潤邊際NPM,EPS,每股淨值BPS,M淨值報酬率─稅後,資產報酬率ROA,營收成長率,M營業利益成長率,M稅後淨利成長率,總資產成長率,負債比率,現金比率,M速動比率,M流動比率,利息保障倍數,現金流量比率,M應收帳款週轉次,應付帳款週轉率,M存貨週轉率 (次),固定資產週轉率,總資產週轉率,權益乘數,每股現金流量,負債/淨值比,證券代碼,簡稱,年份
1.96,-4.24,-7.58,-3.04,29.69,-9.49,-4.58,-15.24,-146.1,-225.9,9.82,55.84,42.15,73.09,96.91,-6.91,28.14,8.33,2.74,11.21,0.92,0.6,1.25,6.48,126.5,2409,友達,2009
7.77,2.25,1.59,0.76,30.38,2.66,1.18,30.01,168.9,127.2,1.08,55.14,47.26,79.16,108.2,3.03,47.91,7.64,2.83,10.28,1.21,0.75,1.68,10.3,122.9,2409,友達,2010
-7.42,-15.18,-16.18,-6.94,23.27,-24.4,-9.89,-18.72,-649.3,-929.5,-2.63,63.89,44.7,70.19,99.73,-12.46,7.14,6.8,2.71,8.82,1.02,0.61,1.51,1.64,176.9,2409,友達,2011
-3.47,-10.2,-14.81,-6.21,16.9,-29.28,-9.7,-0.33,33.04,8.8,-11.48,70.22,39.88,62.07,90.56,-8.67,18.6,8.02,3.2,8.66,1.12,0.66,1.98,4.05,235.8,2409,友達,2012
8.16,1.99,1.02,0.45,17.07,2.5,0.82,10.01,121.5,107.6,-9.25,63.77,42.17,66.36,93.72,2.09,27.43,9.64,4.2,9.54,1.42,0.8,2.45,5.34,176.0,2409,友達,2013
11.88,5.43,4.43,1.83,18.8,9.54,3.76,-1.97,167.3,324.7,-4.55,57.36,47.53,82.18,107.6,5.94,36.76,7.9,4.35,9.72,1.63,0.85,2.16,6.58,134.5,2409,友達,2014
11.06,4.86,1.34,0.51,18.91,2.39,1.08,-11.72,-20.95,-73.19,-9.43,51.91,55.81,80.61,114.6,3.93,43.87,7.63,4.32,9.4,1.64,0.8,1.78,6.41,108.0,2409,友達,2015
10.48,3.75,2.01,0.81,18.83,3.27,1.54,-8.67,-29.58,36.42,0.99,53.55,68.38,109.6,139.3,5.13,31.29,7.92,4.16,9.91,1.53,0.77,1.63,3.8,115.3,2409,友達,2016
17.9,11.48,8.87,3.36,21.63,14.24,6.95,3.63,217.2,358.0,2.72,48.98,97.93,135.9,168.0,14.73,78.67,7.67,4.02,10.66,1.52,0.78,1.61,8.76,95.99,2409,友達,2017
9.15,2.17,2.59,1.06,21.08,3.6,1.87,-9.79,-82.96,-73.69,-7.16,46.98,53.64,91.74,115.6,5.21,31.18,6.99,4.09,10.93,1.38,0.72,1.39,4.19,88.62,2409,友達,2018
0.17,-7.61,-8.04,-2.0,18.6,-10.66,-5.35,-12.63,-407.0,-371.4,-2.98,52.73,88.87,126.0,158.2,-5.1,22.9,6.76,4.21,10.78,1.26,0.67,1.33,2.16,111.5,2409,友達,2019
8.4,0.77,1.07,0.36,19.24,1.52,0.72,0.8,110.2,113.5,2.42,52.42,91.8,140.1,171.2,1.95,26.18,6.87,4.27,9.89,1.38,0.67,1.42,2.75,110.2,2409,友達,2020
24.49,17.02,17.12,6.44,24.22,29.4,15.25,36.81,2928.0,2083.0,4.31,43.98,64.6,122.6,155.2,30.95,84.62,6.84,4.43,9.14,2.08,0.89,1.72,11.0,78.52,2409,友達,2021
0.64,-9.71,-8.5,-2.39,24.16,-9.77,-5.17,-33.42,-138.0,-133.0,-8.94,50.52,82.96,103.8,144.3,-11.94,27.76,6.06,3.99,7.57,1.41,0.61,1.15,3.05,102.1,2409,友達,2022
1.86,-8.86,-7.32,-2.37,20.76,-10.18,-4.71,0.47,8.38,13.46,-0.87,56.88,88.79,115.0,152.5,-6.96,10.57,11.29,4.42,8.21,1.42,0.64,1.39,1.3,131.9,2409,友達,2023
8.64,-3.02,-1.05,-0.4,19.99,-1.81,-0.76,13.02,61.45,83.78,2.45,59.33,62.62,86.83,126.4,0.82,21.17,11.2,4.55,8.15,1.66,0.72,1.72,3.02,145.9,2409,友達,2024
43.73,31.1,30.25,3.45,19.11,18.27,15.51,-11.23,-11.94,-11.0,6.4,16.08,216.4,292.3,328.3,244.9,202.1,10.93,2.67,9.3,1.14,0.51,0.6,6.19,19.17,2330,台積電,2009
49.35,37.94,38.68,6.24,22.16,30.11,24.71,41.86,73.09,81.39,20.89,19.5,120.0,182.4,212.3,401.3,186.3,10.67,2.5,8.62,1.27,0.64,0.78,8.86,24.23,2330,台積電,2010
45.44,33.15,31.48,5.18,24.29,22.21,18.01,1.8,-11.07,-17.15,7.7,18.37,122.6,163.8,192.5,232.6,211.6,10.15,2.61,8.75,0.97,0.57,0.71,9.56,22.5,2330,台積電,2011
48.18,35.75,32.78,6.42,27.9,24.52,19.14,18.65,27.99,23.56,24.16,24.78,96.59,140.9,168.6,179.0,191.9,10.2,3.18,8.38,0.91,0.58,0.75,11.0,32.95,2330,台積電,2012
47.06,35.08,31.49,7.26,32.69,23.94,16.91,17.82,15.59,13.18,31.38,32.88,127.9,167.3,188.9,82.41,183.0,9.15,3.07,8.39,0.85,0.54,0.76,13.4,48.98,2330,台積電,2013
49.52,38.79,34.58,10.18,40.32,27.85,19.13,27.77,41.27,40.29,18.37,30.01,178.3,274.7,311.7,94.34,209.7,8.14,3.73,7.42,0.95,0.55,0.81,16.26,42.89,2330,台積電,2014
48.65,37.94,36.34,11.82,47.11,27.02,19.45,10.58,8.17,16.22,10.87,26.24,265.1,316.6,351.9,110.8,249.7,8.4,5.5,6.49,1.01,0.54,0.74,20.43,35.57,2330,台積電,2015
50.09,39.87,35.27,12.89,53.58,25.59,18.87,12.38,18.09,9.06,13.81,26.31,170.1,239.3,257.0,117.7,169.6,8.81,4.61,8.18,1.02,0.53,0.73,20.82,35.71,2330,台積電,2016
50.62,39.45,35.11,13.23,58.7,23.56,17.7,3.11,2.01,2.63,5.59,23.55,154.3,215.2,239.0,119.9,163.2,7.76,3.85,7.88,0.95,0.5,0.67,22.57,30.81,2330,台積電,2017
48.27,37.19,34.05,13.54,64.67,21.95,17.21,5.53,-0.5,2.34,4.93,19.74,169.7,242.1,279.5,131.3,168.5,8.19,4.46,6.03,0.97,0.51,0.64,22.13,24.6,2330,台積電,2018
46.05,34.83,32.28,13.32,62.53,20.93,15.86,3.73,-2.85,-1.66,8.36,28.38,77.09,122.4,139.3,120.9,104.1,7.95,2.47,6.2,0.88,0.49,0.65,23.73,39.62,2330,台積電,2019
53.1,42.32,38.69,19.97,71.33,29.84,20.62,25.17,52.07,50.04,21.9,32.97,107.0,151.9,177.0,281.9,133.3,9.37,1.71,5.7,0.92,0.53,0.77,31.72,49.18,2330,台積電,2020
51.63,40.95,37.61,23.01,83.62,29.7,18.41,18.53,14.68,15.23,34.95,41.73,144.0,187.5,217.3,123.5,150.4,9.22,1.96,4.65,0.9,0.49,0.79,42.9,71.62,2330,台積電,2021
59.56,49.53,44.92,39.2,113.6,39.64,23.4,42.61,72.51,70.31,33.26,40.37,142.2,189.9,217.4,98.38,170.6,10.54,2.02,4.42,0.97,0.52,0.88,62.11,67.7,2330,台積電,2022
54.36,42.63,38.75,32.34,133.4,26.0,15.96,-4.51,-17.82,-17.62,11.43,37.04,160.4,206.8,240.2,82.6,135.9,9.98,1.99,4.18,0.75,0.41,0.67,47.9,58.83,2330,台積電,2023
56.12,45.68,40.51,45.25,165.4,30.04,19.18,33.89,43.47,39.95,20.96,35.39,168.3,213.1,244.2,134.9,144.4,12.21,2.34,4.71,0.92,0.47,0.74,70.43,54.78,2330,台積電,2024
9.52,4.26,3.9,8.84,51.28,17.58,8.04,0.45,18.25,34.73,16.31,53.55,37.36,107.5,147.2,46.76,21.03,6.35,5.0,10.2,8.02,2.06,4.51,11.68,115.3,2317,鴻海,2009
8.15,2.87,2.52,8.01,49.75,15.28,6.28,52.98,3.18,-1.19,35.09,62.81,32.96,90.24,132.6,30.59,8.1,7.76,6.16,12.5,11.83,2.5,6.07,6.48,168.9,2317,鴻海,2010
7.72,2.4,2.37,7.65,54.06,14.52,5.27,15.2,-3.83,8.56,25.34,64.46,33.25,84.83,129.4,17.57,10.21,7.26,5.27,9.96,11.0,2.22,6.12,9.49,181.3,2317,鴻海,2011
6.41,2.76,2.35,8.02,54.63,14.15,4.85,13.11,30.24,11.88,18.49,66.79,40.37,94.04,122.7,13.08,13.85,6.61,4.8,10.01,10.27,2.07,6.03,14.7,201.1,2317,鴻海,2012
6.44,2.77,2.72,8.16,58.25,14.44,4.92,1.2,1.31,17.1,12.79,65.15,51.07,109.2,133.1,15.73,12.71,5.42,4.25,11.16,10.07,1.81,5.32,13.21,186.9,2317,鴻海,2013
6.93,3.4,3.14,8.85,62.89,14.8,5.55,6.6,30.99,23.42,6.5,60.02,52.13,115.3,148.4,12.6,14.64,5.25,4.21,11.5,11.41,1.76,4.71,12.93,150.1,2317,鴻海,2014
7.15,3.66,3.35,9.42,64.44,14.69,6.3,6.38,14.72,13.38,-6.27,54.06,62.22,123.0,169.3,11.55,22.94,6.17,4.62,10.48,12.89,1.88,4.38,15.54,117.7,2317,鴻海,2015
7.38,4.01,3.47,8.6,62.26,13.8,6.18,-2.75,6.5,0.77,12.29,56.26,50.55,113.7,154.2,8.45,13.89,6.18,4.56,9.94,13.5,1.78,3.97,10.07,128.6,2317,鴻海,2016
6.44,2.39,2.88,8.01,62.57,11.74,4.51,7.98,-35.65,-10.56,31.45,65.61,31.72,100.2,135.6,5.69,-1.94,4.36,3.67,9.29,16.03,1.57,4.08,-2.27,190.8,2317,鴻海,2017
6.27,2.57,2.45,8.03,87.43,10.37,3.83,12.47,20.94,-4.09,-0.76,60.59,43.58,113.9,149.5,4.07,-2.22,4.12,3.75,8.37,19.04,1.56,4.23,-2.5,153.8,2317,鴻海,2018
5.91,2.15,2.47,8.32,89.46,9.68,3.94,0.93,-15.61,1.81,-1.79,57.85,51.76,123.0,155.3,3.46,14.96,4.62,4.37,8.81,18.9,1.59,3.91,17.9,137.3,2317,鴻海,2019
5.65,2.07,2.13,7.34,93.59,7.96,3.27,0.28,-3.54,-13.51,10.64,59.88,64.33,119.2,150.5,4.61,19.71,5.03,4.2,9.21,18.65,1.53,3.73,27.23,149.2,2317,鴻海,2020
6.04,2.49,2.57,10.05,99.59,10.1,4.06,11.87,34.41,34.55,6.39,59.75,53.03,116.8,151.9,9.82,-4.92,5.38,4.37,8.98,20.07,1.58,3.93,-7.08,148.5,2317,鴻海,2021
6.04,2.62,2.28,10.21,104.6,9.37,3.76,10.56,16.67,-1.79,5.76,60.07,50.26,106.0,151.4,6.4,5.19,5.57,4.78,7.73,19.71,1.65,4.11,7.92,150.5,2317,鴻海,2022
6.3,2.7,2.51,10.25,107.7,9.28,3.83,-7.01,-4.18,2.46,-4.7,57.2,62.73,119.8,159.0,3.93,23.34,5.89,4.74,6.92,16.29,1.53,3.69,32.14,133.6,2317,鴻海,2023
6.25,2.92,2.5,11.01,118.4,9.71,4.12,11.32,20.46,10.91,11.54,57.87,43.09,115.6,155.2,6.76,7.63,6.43,5.13,8.21,15.9,1.65,3.88,11.97,137.3,2317,鴻海,2024
41.18,11.09,10.32,4.41,35.85,12.95,10.15,20.81,327.1,142.4,25.87,25.65,168.8,230.6,282.3,68497.0,80.65,7.83,2.78,5.1,6.02,0.98,1.25,9.82,34.5,2379,瑞昱,2009
38.03,8.86,7.5,3.46,34.7,9.85,7.58,9.77,-12.3,-20.19,-8.2,20.22,179.6,251.7,334.5,594780.0,36.21,7.03,2.79,4.66,6.01,1.01,1.31,3.13,25.35,2379,瑞昱,2010
38.35,6.31,7.27,3.24,35.1,9.34,6.83,-1.74,-30.03,-4.74,21.0,32.38,133.3,178.2,217.1,234.7,50.65,7.21,2.81,4.45,5.97,0.94,1.28,8.45,47.89,2379,瑞昱,2011
41.13,9.28,9.09,4.5,36.33,12.79,8.62,12.41,65.32,40.42,3.19,32.87,139.9,190.9,243.3,72.4,59.46,7.64,2.38,4.93,7.55,0.95,1.41,9.56,48.96,2379,瑞昱,2012
43.19,8.91,10.77,6.02,38.65,16.31,10.04,14.49,9.99,35.74,29.47,42.79,121.5,163.0,200.2,79.6,31.33,7.47,2.3,5.52,9.16,0.93,1.51,8.45,74.81,2379,瑞昱,2013
43.67,9.01,12.45,7.71,43.76,18.7,10.35,10.94,12.2,28.23,20.35,46.18,121.4,151.6,187.6,49.64,33.09,7.66,2.06,5.28,9.76,0.83,1.5,11.67,85.81,2379,瑞昱,2014
42.81,5.73,7.65,4.81,44.12,10.94,5.52,1.54,-35.4,-37.62,14.3,52.52,116.0,137.7,158.1,22.27,13.59,7.84,1.86,5.09,9.41,0.72,1.43,6.39,110.6,2379,瑞昱,2015
43.42,8.59,7.81,6.02,45.18,13.48,5.93,22.58,83.66,25.21,18.26,58.89,119.0,133.7,150.7,23.07,16.43,9.42,2.18,5.65,11.84,0.76,1.73,10.35,143.2,2379,瑞昱,2016
42.95,7.69,8.14,6.71,43.14,15.18,6.29,7.13,-4.14,11.59,-5.78,58.21,32.5,133.0,152.7,24.43,12.73,9.56,2.2,4.75,13.12,0.77,1.87,7.43,139.3,2379,瑞昱,2017
44.67,8.22,9.5,8.57,48.49,18.71,7.87,9.88,17.48,28.26,11.36,57.69,13.26,138.4,157.4,34.17,25.21,7.22,2.07,4.47,14.14,0.83,1.97,16.14,136.3,2379,瑞昱,2018
43.76,10.42,11.18,13.36,53.57,26.18,10.31,32.61,68.17,56.07,26.06,62.92,13.03,128.7,146.2,46.15,27.86,6.3,2.13,5.15,17.96,0.92,2.34,24.1,169.7,2379,瑞昱,2019
42.76,11.11,11.31,17.24,57.69,31.02,11.61,28.01,36.47,29.5,6.35,62.27,15.82,125.0,144.8,61.8,33.47,6.18,2.01,5.56,19.7,1.03,2.74,30.27,165.0,2379,瑞昱,2020
50.41,16.42,15.97,33.0,76.26,49.26,18.8,35.68,100.5,91.65,29.63,61.52,12.24,117.4,146.6,165.8,31.2,7.01,1.69,4.16,19.63,1.18,3.08,35.94,159.9,2379,瑞昱,2021
48.87,14.07,14.5,31.62,91.16,37.81,15.08,5.96,-9.24,-3.85,12.32,58.87,21.99,111.0,152.7,78.71,30.47,7.8,1.54,2.72,16.13,1.04,2.61,37.19,143.1,2379,瑞昱,2022
42.81,6.99,9.62,17.85,82.34,20.57,8.82,-14.86,-57.68,-43.52,-17.49,54.98,22.2,123.2,149.8,39.57,38.7,7.36,1.55,2.92,11.67,0.92,2.14,34.9,122.1,2379,瑞昱,2023
50.41,11.91,13.49,29.82,103.2,32.13,14.72,19.14,102.9,67.07,21.41,53.5,25.56,121.9,146.1,57.66,41.29,7.84,1.55,4.45,12.35,1.09,2.38,46.67,115.1,2379,瑞昱,2024
30.4,14.37,14.88,6.78,34.64,20.61,13.67,3.17,8.99,13.76,28.73,37.64,118.6,187.4,209.2,168.0,38.92,3.65,3.72,8.18,15.94,0.92,1.39,8.14,60.36,3034,聯詠,2009
26.95,13.75,12.62,7.69,36.89,21.45,13.07,34.44,28.69,14.07,12.01,40.37,109.0,176.7,202.8,98.82,21.09,3.92,4.09,8.86,22.63,1.04,1.7,5.27,67.69,3034,聯詠,2010
25.46,11.34,10.54,6.16,36.92,16.67,10.05,-3.43,-20.38,-19.39,-1.52,39.1,115.2,190.6,213.0,68.2,26.67,3.37,3.94,8.07,22.15,0.95,1.58,6.32,64.19,3034,聯詠,2011
28.05,13.38,11.99,7.36,39.63,19.55,11.79,5.58,24.57,20.15,6.41,40.28,117.7,190.2,216.0,113.2,34.59,3.39,3.87,7.97,23.3,0.98,1.63,8.83,67.46,3034,聯詠,2012
27.73,13.1,11.45,7.81,40.46,19.85,12.19,11.94,9.64,6.88,0.41,36.87,129.4,206.7,238.6,135.2,34.53,3.76,4.13,7.29,26.62,1.07,1.73,8.03,58.4,3034,聯詠,2013
28.46,14.62,13.33,11.85,46.39,27.28,16.98,30.44,45.58,51.94,17.78,38.54,114.8,197.1,233.2,160.7,32.97,4.28,4.53,7.35,36.85,1.27,2.05,9.45,62.72,3034,聯詠,2014
28.42,13.65,12.58,10.52,46.86,22.55,14.71,-5.91,-12.19,-11.24,-10.53,30.6,155.9,250.0,286.1,249.3,74.48,4.01,4.1,7.01,29.45,1.17,1.79,15.02,44.09,3034,聯詠,2015
28.36,12.36,10.96,8.22,45.95,17.72,12.11,-10.26,-18.71,-21.8,1.1,32.69,149.2,231.6,268.6,274.8,53.53,4.18,3.84,7.34,22.58,1.1,1.62,11.58,48.57,3034,聯詠,2016
28.8,12.23,10.67,8.26,46.95,17.77,12.19,3.12,1.97,0.39,-1.61,30.1,153.0,247.2,291.0,123.5,37.01,4.28,3.75,6.91,23.74,1.14,1.67,7.2,43.07,3034,聯詠,2017
31.03,13.89,11.65,10.5,49.82,21.7,14.37,16.49,32.32,27.2,17.6,36.93,120.8,199.9,241.9,136.4,47.22,4.46,3.43,6.32,23.97,1.23,1.86,13.16,58.55,3034,聯詠,2018
32.02,15.31,12.31,13.03,54.36,25.01,16.7,17.4,29.44,24.05,-2.48,29.43,139.8,245.9,296.6,210.2,55.77,4.77,3.5,6.62,19.96,1.36,2.03,11.75,41.71,3034,聯詠,2019
34.97,18.48,14.78,19.42,65.64,32.37,22.51,24.21,49.91,49.07,23.95,31.25,131.0,209.4,257.4,2140.0,88.07,5.86,3.9,7.21,15.35,1.52,2.19,25.27,45.46,3034,聯詠,2020
49.78,35.29,28.71,63.87,115.8,70.41,43.5,69.3,223.3,228.9,107.6,41.58,167.4,234.0,278.8,2445.0,116.2,7.2,3.22,6.08,20.08,1.52,2.45,68.56,71.17,3034,聯詠,2021
46.33,29.77,25.44,45.96,107.8,41.13,25.3,-18.77,-31.49,-28.04,-16.62,34.79,201.3,266.8,327.0,6067.0,92.87,5.51,2.76,4.5,15.76,0.99,1.62,37.29,53.34,3034,聯詠,2022
41.85,24.14,21.12,38.32,110.5,35.12,22.75,0.43,-18.54,-16.63,3.87,35.64,209.4,277.1,314.9,4455.0,116.5,6.6,3.62,6.24,15.86,1.08,1.66,49.27,55.38,3034,聯詠,2023
40.35,21.21,19.79,33.43,111.6,30.11,19.67,-6.92,-18.21,-12.76,-1.96,33.67,200.2,285.2,324.4,2953.0,68.35,5.39,3.27,7.11,14.79,0.99,1.52,27.37,50.76,3034,聯詠,2024
58.71,31.5,31.77,34.12,100.6,38.5,30.88,27.78,72.77,91.38,39.89,21.43,321.3,356.5,387.2,59873.0,187.5,16.11,2.09,6.95,17.25,0.97,1.21,51.35,27.28,2454,聯發科,2009
53.65,27.38,27.25,28.44,102.3,28.05,22.37,-1.72,-14.59,-15.69,-0.4,19.07,333.2,389.4,436.6,,114.0,13.75,1.94,5.99,15.45,0.82,1.03,27.01,23.56,2454,聯發科,2010
45.3,14.21,15.68,12.35,102.0,11.94,9.53,-23.49,-60.28,-55.99,7.03,21.26,282.0,333.4,368.2,1516.0,54.91,9.26,1.87,5.06,9.86,0.61,0.76,15.15,27.0,2454,聯發科,2011
41.36,12.49,15.66,12.81,131.0,10.65,8.68,14.28,0.47,14.17,42.42,16.61,260.4,310.0,357.0,151.6,34.58,8.99,2.43,5.0,9.66,0.55,0.68,9.37,19.92,2454,聯發科,2012
43.96,18.55,20.2,20.51,145.6,14.82,11.72,37.07,103.5,76.81,22.92,24.47,216.7,245.2,263.5,202.3,64.47,11.86,3.04,6.57,12.34,0.58,0.73,29.5,32.39,2454,聯發科,2013
48.75,22.17,21.78,30.04,158.1,20.95,15.22,56.6,87.14,68.82,35.76,29.48,189.7,219.6,244.6,110.3,43.62,14.63,2.91,6.89,12.31,0.7,0.96,28.7,41.81,2454,聯發科,2014
43.23,12.15,12.08,16.6,153.8,10.42,7.34,0.09,-45.16,-44.46,0.04,29.65,151.4,183.8,212.2,54.87,23.08,11.51,2.55,5.21,7.39,0.61,0.86,14.95,42.16,2454,聯發科,2015
35.64,8.38,8.72,15.16,155.5,9.73,6.66,29.19,-10.93,-6.75,5.54,33.46,117.8,150.4,184.6,49.69,27.27,12.2,3.34,6.11,7.73,0.76,1.12,20.82,50.29,2454,聯發科,2016
35.63,4.12,10.1,15.56,165.1,9.48,6.29,-13.54,-57.45,0.16,6.6,33.9,114.2,163.7,187.5,30.0,16.78,7.43,2.6,5.07,6.46,0.62,0.94,13.65,51.29,2454,聯發科,2017
38.53,6.8,8.73,13.26,172.4,7.76,5.21,-0.07,64.81,-13.66,1.94,31.9,116.8,164.6,192.5,14.74,16.59,6.32,2.72,5.09,6.39,0.6,0.89,12.99,46.85,2454,聯發科,2018
41.85,9.17,9.42,14.69,197.7,7.88,5.39,3.43,39.46,11.65,13.87,31.46,135.4,180.3,203.5,17.59,32.5,7.0,2.92,4.89,6.44,0.57,0.84,27.17,45.9,2454,聯發科,2019
43.94,13.42,12.86,26.01,235.0,12.02,8.35,30.84,91.51,78.58,16.4,29.75,136.7,174.5,203.0,80.97,55.33,8.72,2.93,5.53,8.27,0.65,0.93,50.57,42.34,2454,聯發科,2020
46.94,21.9,22.67,70.56,271.5,27.67,18.73,53.16,150.0,170.0,23.78,34.38,87.02,128.1,164.3,659.6,22.31,9.28,3.08,4.72,11.2,0.83,1.22,29.82,52.4,2454,聯發科,2021
49.36,23.1,21.62,74.59,276.5,27.06,18.69,11.22,17.35,6.04,-7.94,27.18,104.2,156.4,210.3,366.5,102.1,8.98,3.25,3.86,10.66,0.86,1.25,91.28,37.32,2454,聯發科,2022
47.84,16.56,17.81,48.51,231.3,18.89,12.42,-21.02,-43.37,-34.93,4.38,41.07,71.29,104.0,125.4,218.3,71.59,7.39,2.21,3.97,8.09,0.7,1.06,104.7,69.7,2454,聯發科,2023
49.64,19.3,20.19,66.92,248.8,27.5,16.08,22.41,42.64,38.8,9.89,41.96,76.32,101.7,131.5,264.7,58.47,9.44,1.9,5.26,9.63,0.8,1.36,98.16,72.29,2454,聯發科,2024
21.38,10.74,8.05,1.31,13.86,9.41,4.39,-9.17,-18.1,-4.22,6.43,53.87,65.24,134.8,177.6,6.56,44.88,5.53,4.38,7.94,1.05,0.55,1.17,3.01,116.8,2311,日月光,2009
21.48,12.77,10.17,3.1,14.97,23.05,10.37,120.0,161.7,178.0,28.5,55.88,39.17,99.7,143.3,17.47,61.88,7.06,5.2,8.35,2.11,1.02,2.27,6.25,126.6,2311,日月光,2010
18.89,9.08,7.54,2.08,15.51,14.4,6.47,-1.8,-30.2,-27.17,7.56,54.31,36.58,84.53,135.0,11.2,47.84,5.65,3.89,5.63,1.75,0.86,1.91,4.84,118.9,2311,日月光,2011
18.88,9.12,6.97,1.76,14.69,12.68,5.74,4.65,5.15,-3.26,10.64,55.21,23.61,73.19,115.2,9.12,39.02,5.62,4.03,5.06,1.62,0.82,1.82,4.44,123.3,2311,日月光,2012
19.47,10.03,7.35,2.09,16.1,13.57,6.04,13.35,24.64,19.46,15.79,55.66,44.65,93.05,131.1,9.39,40.95,5.4,4.23,5.29,1.7,0.82,1.85,5.5,125.5,2311,日月光,2013
20.88,11.55,9.46,3.08,19.47,17.0,7.82,16.71,34.48,50.3,16.45,52.56,46.49,100.4,143.8,13.13,41.25,5.28,4.0,5.14,1.81,0.83,1.8,5.97,110.8,2311,日月光,2014
17.7,8.78,7.12,2.51,20.53,12.35,5.77,10.41,-16.06,-16.94,9.29,53.94,45.85,86.7,130.1,11.82,47.76,5.73,4.2,5.01,1.88,0.81,1.73,7.52,117.1,2311,日月光,2015
19.35,9.7,8.33,2.83,20.49,13.57,6.33,-2.97,7.14,13.52,-1.94,52.69,36.75,89.53,136.7,13.38,49.88,5.66,4.01,4.69,1.87,0.76,1.63,6.8,111.4,2311,日月光,2016
18.16,8.68,8.49,2.82,22.52,13.21,6.84,5.66,-5.41,7.75,1.66,43.93,43.63,101.9,137.2,18.19,44.91,5.38,3.95,5.96,2.08,0.8,1.56,5.82,78.36,2311,日月光,2017
16.84,7.76,5.57,1.82,19.38,10.44,5.12,0.96,-9.81,-33.75,-24.41,60.31,18.75,121.0,148.8,10.1,18.49,4.71,4.58,9.21,2.27,0.92,1.87,1.65,152.0,2311,日月光,2018
21.57,9.45,8.02,2.33,18.84,11.82,4.67,-44.04,-31.83,-19.48,5.05,60.7,26.92,147.9,186.4,7.15,64.29,2.45,2.95,6.5,1.29,0.58,1.47,6.82,154.5,2311,日月光,2019
22.52,10.98,9.27,2.81,18.89,14.75,5.87,10.14,27.98,27.38,-2.29,59.72,17.62,96.94,134.4,12.66,60.64,3.08,3.17,6.04,1.34,0.63,1.59,7.45,148.3,2311,日月光,2020
26.97,16.32,20.6,7.91,24.61,36.25,15.65,27.43,89.36,183.0,14.72,54.3,51.13,146.5,180.4,44.31,66.88,4.06,3.8,6.97,1.67,0.76,1.76,8.04,118.8,2311,日月光,2021
29.45,18.59,15.12,6.17,24.97,24.84,11.58,6.44,21.26,-21.88,-2.4,52.46,14.11,112.4,154.8,22.03,95.71,4.04,3.91,6.8,1.74,0.77,1.64,11.41,110.3,2311,日月光,2022
22.17,10.35,8.7,2.99,22.08,12.59,5.88,-16.5,-53.51,-51.96,-8.61,54.18,12.8,91.84,119.7,7.23,72.49,3.66,3.95,6.8,1.44,0.68,1.45,9.03,118.2,2311,日月光,2023
35.35,20.95,19.61,5.01,48.06,10.81,6.76,-10.82,-27.96,-23.62,20.74,40.49,101.5,171.7,237.3,22.66,57.17,2.34,3.06,4.26,0.89,0.34,0.55,11.66,68.03,2474,可成,2009
35.49,23.29,20.36,6.66,49.14,13.7,7.94,28.59,42.92,33.5,7.81,43.45,72.29,115.1,144.4,26.13,18.75,2.76,3.34,6.51,1.11,0.39,0.67,6.72,76.82,2474,可成,2010
47.03,36.79,29.7,14.93,74.35,24.0,14.47,64.41,159.7,139.8,53.68,37.27,156.1,210.3,225.2,54.99,44.63,3.26,3.2,8.14,1.46,0.49,0.81,16.07,59.41,2474,可成,2011
43.33,32.84,29.25,14.41,81.3,18.42,11.36,3.1,-7.97,1.55,13.53,39.24,123.4,168.6,180.9,47.09,26.47,2.66,3.17,8.42,1.25,0.39,0.63,12.97,64.58,2474,可成,2012
42.36,32.18,31.95,18.38,97.92,20.43,13.37,16.79,14.43,27.58,3.97,30.08,124.7,191.3,207.0,61.15,63.71,2.61,3.36,7.88,1.32,0.42,0.64,26.79,43.02,2474,可成,2013
47.22,36.23,32.36,23.52,124.5,21.07,14.76,27.82,43.9,29.46,29.97,29.84,149.5,216.2,248.2,144.4,83.85,2.82,2.88,6.16,1.38,0.46,0.65,35.5,42.54,2474,可成,2014
46.29,35.7,30.55,32.61,150.3,23.75,16.32,49.09,46.95,40.77,25.27,32.41,146.4,209.4,230.8,201.4,74.07,3.32,3.47,6.89,1.58,0.53,0.78,43.15,47.96,2474,可成,2015
43.48,34.75,27.89,28.58,159.2,18.48,12.33,-4.0,-6.58,-12.36,8.61,34.09,51.78,214.9,223.3,138.7,42.32,2.55,3.37,8.36,1.44,0.44,0.66,31.47,51.71,2474,可成,2016
44.99,35.84,23.43,28.35,172.7,17.08,10.92,17.93,21.62,-0.95,14.77,37.75,22.01,180.0,195.8,104.3,42.5,2.81,2.99,8.05,1.81,0.47,0.73,42.65,60.64,2474,可成,2017
40.48,31.03,29.34,36.31,196.3,19.68,11.89,2.27,-11.45,28.08,20.24,41.16,28.18,162.0,189.0,88.91,25.9,3.27,2.49,3.29,1.86,0.41,0.67,34.96,69.94,2474,可成,2018
24.3,15.4,12.33,14.63,192.7,7.53,4.52,-3.97,-52.34,-59.64,-5.46,38.88,74.0,188.9,205.7,21.82,27.66,3.66,3.14,3.53,2.0,0.37,0.61,33.49,63.62,2474,可成,2019
26.57,18.1,25.65,27.65,207.4,13.8,8.48,-9.96,5.85,87.35,5.26,38.23,122.3,213.4,220.7,71.89,22.2,3.94,3.5,6.01,2.58,0.33,0.54,26.57,61.89,2474,可成,2020
33.02,21.32,20.92,11.31,204.6,5.55,3.42,-50.19,-41.35,-59.39,-3.52,38.67,59.52,214.2,218.9,25.99,10.67,2.96,2.29,5.91,2.03,0.16,0.27,12.56,63.05,2474,可成,2021
31.87,17.86,39.17,15.14,232.0,7.2,4.41,-32.3,-43.28,26.76,0.0,38.67,60.37,215.1,219.7,24.5,15.3,2.74,2.01,5.71,1.56,0.11,0.18,18.95,63.05,2474,可成,2022
27.3,9.0,50.63,13.33,232.2,5.92,3.64,-35.03,-67.26,-16.01,3.84,38.39,45.68,128.1,130.8,11.32,9.88,2.32,1.41,4.72,1.18,0.07,0.12,13.37,62.31,2474,可成,2023
32.44,18.22,72.99,19.4,245.1,8.18,5.39,0.06,102.5,44.23,-8.86,29.56,79.85,189.5,192.9,14.13,-0.43,2.94,1.16,5.99,1.47,0.07,0.11,-0.4,41.97,2474,可成,2024
3.51,0.64,0.45,0.27,41.67,0.64,0.31,-0.67,-95.26,-96.31,1.09,42.73,62.01,104.4,179.3,1.18,40.88,11.34,6.65,7.36,1.88,0.68,1.44,7.02,74.62,3514,昱晶,2009
18.74,16.08,15.35,13.43,54.2,28.15,18.17,79.15,4388.0,6035.0,5.67,28.62,68.84,115.1,188.9,38.8,113.2,13.33,10.31,13.68,3.04,1.18,1.83,17.75,40.09,3514,昱晶,2010
-7.43,-10.87,-8.45,-4.69,41.27,-10.11,-6.24,-33.22,-145.1,-136.7,8.18,47.16,55.38,110.4,179.7,-28.01,-10.12,6.96,11.67,11.73,1.75,0.74,1.2,-1.73,89.26,3514,昱晶,2011
-4.74,-11.81,-13.78,-5.68,35.91,-14.71,-7.63,-25.75,19.3,-21.06,-9.54,49.19,59.34,109.4,178.0,-11.58,38.18,5.44,9.35,9.45,1.23,0.55,1.07,5.03,96.83,3514,昱晶,2012
2.89,-1.79,-3.92,-1.65,32.41,-4.69,-2.55,8.1,83.59,69.27,-6.65,41.57,68.95,148.5,234.9,-2.38,56.36,5.77,6.96,11.31,1.45,0.65,1.2,6.57,71.15,3514,昱晶,2013
3.78,-0.69,-2.43,-0.93,31.26,-2.93,-1.74,3.11,60.12,36.04,-5.23,39.85,51.74,124.5,205.1,-2.05,25.58,4.89,6.44,11.08,1.7,0.72,1.21,2.9,66.25,3514,昱晶,2014
4.84,0.48,-0.63,-0.23,29.68,-0.76,-0.47,1.16,169.9,73.69,0.22,37.16,80.76,125.1,193.7,0.24,60.78,5.61,5.86,9.55,1.92,0.74,1.21,8.02,59.12,3514,昱晶,2015
-10.36,-15.37,-15.35,-5.02,24.66,-18.45,-11.62,-6.78,-3092.0,-2165.0,-17.31,36.83,108.4,173.7,220.3,-22.32,47.2,6.22,5.72,11.92,1.86,0.76,1.2,3.95,58.31,3514,昱晶,2016
-5.3,-9.87,-10.43,-2.93,20.73,-13.63,-8.61,-2.55,37.43,33.78,-2.48,36.83,148.3,219.5,264.9,-12.0,19.73,6.12,5.87,17.01,2.02,0.83,1.31,1.36,58.3,3514,昱晶,2017
34.88,14.74,15.79,4.89,35.43,14.78,8.39,0.74,19.89,32.08,52.95,43.84,59.41,127.7,143.3,19.27,8.1,3.66,2.53,8.97,1.75,0.53,0.94,1.97,78.08,2393,億光,2009
29.91,12.76,13.29,5.52,36.1,15.2,8.39,53.19,32.64,28.96,13.42,45.64,48.88,100.7,119.9,19.35,50.83,4.41,3.19,10.94,2.14,0.63,1.14,13.32,83.95,2393,億光,2010
24.72,7.95,7.0,3.14,36.39,8.06,4.27,6.71,-33.51,-43.79,7.75,48.25,33.31,77.67,94.82,12.86,20.0,3.84,3.13,8.56,1.86,0.61,1.15,7.12,93.22,2393,億光,2011
22.31,4.69,1.65,0.76,33.26,2.01,1.04,2.28,-39.65,-75.95,-9.95,48.0,33.48,107.6,138.9,4.73,35.46,3.48,3.29,8.08,1.89,0.63,1.22,7.86,92.31,2393,億光,2012
25.01,8.13,5.91,3.51,37.48,9.23,4.55,29.67,124.7,365.6,25.14,52.9,64.04,153.1,182.9,16.52,27.39,3.87,3.75,9.1,2.59,0.77,1.56,7.28,112.3,2393,億光,2013
24.77,8.64,7.13,5.12,40.7,12.49,6.16,23.63,31.4,49.18,-1.94,48.4,49.4,139.3,170.6,28.07,45.69,3.75,3.19,8.84,3.08,0.86,1.75,13.57,93.8,2393,億光,2014
23.57,6.82,6.35,4.27,39.98,10.15,5.07,-5.57,-25.51,-15.94,6.45,51.67,65.79,154.4,224.4,19.44,37.34,3.28,2.72,8.19,2.7,0.8,1.6,9.26,106.9,2393,億光,2015
24.47,7.28,6.27,4.13,39.48,10.31,4.89,1.67,8.55,0.35,1.68,53.4,57.59,136.3,198.3,17.12,34.24,3.34,2.85,8.91,2.63,0.78,1.64,9.65,114.6,2393,億光,2016
23.24,6.2,4.56,2.74,40.52,6.95,3.32,-6.94,-20.77,-32.27,-1.98,51.12,25.99,76.04,131.2,12.51,15.02,3.06,2.88,8.43,2.4,0.73,1.52,6.27,104.6,2393,億光,2017
23.47,3.69,3.58,1.8,38.35,4.86,2.61,-11.8,-47.47,-30.73,-21.76,40.34,45.48,127.8,174.3,10.12,35.5,3.14,3.31,8.49,2.22,0.73,1.36,8.03,67.61,2393,億光,2018
24.46,3.98,4.06,1.86,38.0,4.93,2.96,-12.96,-6.06,-1.36,-2.53,39.35,48.47,114.3,169.1,16.22,39.9,3.26,3.3,8.71,2.19,0.73,1.21,9.28,64.87,2393,億光,2019
25.04,6.26,5.78,2.79,39.62,7.11,4.26,3.2,62.06,46.79,6.77,40.73,36.44,105.8,171.7,28.79,16.43,3.35,3.29,9.29,2.54,0.74,1.23,4.26,68.73,2393,億光,2020
26.77,9.65,7.98,4.37,41.68,10.86,6.57,15.64,78.46,59.72,0.85,38.38,41.33,116.8,186.1,52.7,37.52,3.6,3.36,10.8,3.18,0.82,1.36,9.23,62.29,2393,億光,2021
28.17,7.39,6.62,2.78,41.4,7.01,4.65,-20.52,-39.14,-34.08,-14.45,28.27,74.1,157.7,251.8,36.23,64.99,3.37,3.11,10.3,2.7,0.7,1.06,9.75,39.41,2393,億光,2022
29.08,10.05,8.45,3.32,41.84,8.02,5.78,-10.27,21.98,14.67,0.03,27.62,78.35,168.9,265.3,178.4,47.01,3.71,3.58,12.34,2.71,0.68,0.95,6.67,38.16,2393,億光,2023
30.29,11.73,14.89,6.64,45.71,15.74,11.17,17.53,37.18,107.0,14.01,30.23,70.72,150.5,244.3,231.7,37.78,3.87,3.64,14.53,3.53,0.75,1.06,7.01,43.33,2393,億光,2024
,,3.36,1.12,21.94,6.0,0.27,97.4,,449.0,14.66,94.98,,,,,,3.51,,,8.05,0.08,1.79,19.82,1894.0,2882,國泰金,2009
,,1.52,0.42,21.52,1.96,0.1,-12.81,,-60.46,9.16,95.25,,,,,,2.59,,,7.25,0.06,1.29,30.06,2007.0,2882,國泰金,2010
,,4.43,1.1,21.03,5.13,0.23,-9.47,,163.5,6.74,95.65,,,,,,2.36,,,6.66,0.05,1.16,30.66,2199.0,2882,國泰金,2011
,,4.29,1.52,22.96,6.94,0.31,48.01,,43.31,10.1,95.5,,,,,,3.64,,,4.92,0.07,1.62,20.22,2121.0,2882,國泰金,2012
,,9.7,3.28,23.49,12.11,0.65,3.99,,135.1,12.09,93.86,,,,,,2.81,,,3.6,0.07,1.25,4.49,1528.0,2882,國泰金,2013
,,12.18,3.93,34.44,12.13,0.76,3.87,,30.54,12.43,93.68,,,,,,2.68,,,4.15,0.06,1.0,12.3,1482.0,2882,國泰金,2014
,,13.12,4.58,36.22,12.86,0.8,8.33,,16.62,8.99,93.91,,,,,,3.2,,,4.64,0.06,0.98,-16.64,1542.0,2882,國泰金,2015
,,8.91,3.79,39.06,9.7,0.61,22.2,,-17.01,7.48,93.49,,,,,,3.65,,,4.12,0.07,1.09,-2.55,1435.0,2882,國泰金,2016
,,9.7,4.47,44.72,9.96,0.67,8.39,,17.97,8.68,93.12,,,,,,3.61,,,3.55,0.07,1.03,9.66,1353.0,2882,國泰金,2017
,,10.95,3.95,36.87,9.11,0.57,-19.02,,-8.56,4.33,94.26,,,,,,2.86,,,2.86,0.05,0.83,-6.64,1643.0,2882,國泰金,2018
,,11.49,4.76,52.49,9.74,0.66,17.45,,23.23,9.12,92.23,,,,,,3.21,,,4.14,0.06,0.85,12.96,1187.0,2882,國泰金,2019
,,12.06,5.41,60.74,9.01,0.72,13.32,,18.95,8.79,91.74,,,,,,3.34,,,6.29,0.06,0.75,14.23,1110.0,2882,國泰金,2020
,,22.51,10.34,61.35,15.49,1.25,-0.63,,85.48,5.88,92.12,,,,,,3.15,,,6.38,0.06,0.69,5.37,1168.0,2882,國泰金,2021
,,11.12,2.58,36.96,4.98,0.32,-45.45,,-73.06,4.11,94.93,,,,,,1.62,,,3.31,0.03,0.45,-1.81,1873.0,2882,國泰金,2022
,,17.37,3.24,48.64,7.29,0.41,-13.15,,35.7,6.13,93.74,,,,,,1.27,,,2.72,0.02,0.42,-3.77,1498.0,2882,國泰金,2023
,,31.09,7.29,54.85,13.02,0.84,20.63,,115.9,7.47,93.42,,,,,,1.29,,,3.27,0.03,0.42,-6.09,1419.0,2882,國泰金,2024
-33.16,-52.9,-66.32,-3.46,3.92,-51.78,-22.65,-51.11,-160.9,-176.5,-19.56,56.65,33.8,61.73,79.56,-17.41,5.11,3.54,2.76,9.27,0.54,0.34,0.78,0.25,130.7,2475,華映,2009
-5.0,-16.62,-18.46,-2.42,7.17,-26.17,-10.83,41.05,55.7,60.74,-15.77,61.0,36.51,58.25,78.47,-8.35,18.83,6.27,3.08,13.56,0.96,0.59,1.42,1.51,156.4,2475,華映,2010
-9.16,-23.0,-19.56,-1.93,5.13,-27.81,-10.57,-24.75,-4.18,20.28,-21.45,63.25,33.41,51.26,68.77,-6.27,0.81,6.77,2.87,11.44,0.88,0.54,1.42,0.05,172.1,2475,華映,2011
-7.85,-23.92,-22.5,-1.75,3.01,-36.69,-11.47,-21.48,18.36,9.67,-10.75,74.88,26.98,39.79,50.9,-5.99,6.07,7.89,2.79,10.57,0.81,0.51,1.63,0.46,298.1,2475,華映,2012
12.22,-1.78,-7.15,-0.75,2.62,-18.23,-4.67,21.54,90.95,61.37,1.37,73.93,24.05,45.71,56.91,-1.25,10.08,8.93,2.89,10.2,1.09,0.65,2.55,0.88,283.6,2475,華映,2013
11.31,-3.74,-6.48,-0.61,2.03,-16.17,-3.73,-3.87,-101.9,12.87,16.39,79.48,37.91,63.78,75.85,-0.36,4.32,7.13,2.72,9.02,1.13,0.58,2.49,0.36,387.4,2475,華映,2014
-3.74,-21.61,-22.63,-1.35,0.56,-49.76,-8.22,-33.86,-282.1,-130.9,-5.18,87.68,28.2,59.65,67.44,-1.43,-2.85,5.32,2.12,7.76,0.82,0.36,2.2,-0.3,711.6,2475,華映,2015
15.75,-4.24,-2.71,-0.27,1.55,-2.62,-0.74,-11.33,82.59,89.39,41.58,60.3,50.3,105.5,128.3,1.07,2.84,5.78,1.86,7.69,0.83,0.27,0.97,0.31,151.9,2475,華映,2016
18.84,6.94,10.27,0.46,2.19,6.31,2.59,5.05,271.9,498.4,-5.06,57.6,42.29,78.23,88.1,2.53,15.41,9.24,1.99,8.62,0.7,0.25,0.61,1.42,135.9,2475,華映,2017
-23.7,-50.11,-105.3,-3.02,-0.7,-96.56,-30.12,-30.86,-599.2,-808.9,-75.0,113.6,2.09,11.54,14.4,-7.49,-24.46,10.58,1.54,13.19,0.58,0.29,0.92,-1.4,-835.9,2475,華映,2018
2.56,-2.1,-1.46,-0.74,29.09,-2.51,-1.41,2.54,-160.4,-149.4,13.43,47.56,65.82,116.0,155.6,-4.58,19.86,6.88,5.12,8.32,2.3,0.97,1.72,3.4,90.69,3481,群創,2009
4.38,-0.93,-2.88,-2.29,35.39,-7.95,-3.19,199.3,-33.05,-493.0,294.0,63.04,23.44,52.61,78.81,-1.87,30.94,10.06,5.39,11.07,1.81,1.11,2.76,12.06,170.6,3481,群創,2010
-6.9,-12.29,-12.7,-8.81,26.83,-28.06,-9.28,3.45,-1264.0,-355.6,-3.9,70.94,12.82,32.47,50.71,-10.85,6.71,6.71,3.9,8.83,1.18,0.73,2.21,3.85,244.1,3481,群創,2011
0.93,-4.08,-6.24,-4.0,21.6,-16.31,-4.81,-5.19,68.5,53.42,-16.41,70.01,17.22,53.42,72.88,-2.83,21.16,5.77,3.72,9.45,1.31,0.77,2.61,6.72,233.5,3481,群創,2012
8.93,3.63,1.21,0.57,21.19,2.78,0.94,-12.59,177.7,116.9,-11.07,61.71,14.68,38.93,57.12,2.11,25.25,5.33,3.65,8.32,1.4,0.78,2.31,8.48,161.2,3481,群創,2013
11.75,6.57,5.06,2.31,22.87,10.23,4.38,1.4,83.55,325.5,-5.05,52.5,35.65,75.93,95.1,7.81,52.59,5.62,3.8,8.97,1.69,0.87,2.02,11.16,110.5,3481,群創,2014
12.81,6.16,2.97,1.09,23.34,4.69,2.49,-15.05,-20.38,-50.11,-19.7,40.05,47.54,95.49,125.7,11.5,73.38,5.48,3.35,9.92,1.68,0.84,1.58,8.17,66.81,3481,群創,2015
9.09,2.23,0.65,0.19,22.71,0.82,0.49,-21.16,-71.41,-82.7,-4.12,39.16,30.46,87.75,109.3,6.59,28.75,4.81,3.16,9.74,1.43,0.76,1.25,3.39,64.37,3481,群創,2016
20.88,14.28,11.25,3.72,26.56,15.1,9.42,14.66,633.2,1879.0,11.68,36.29,50.03,96.03,120.2,68.0,62.66,5.19,2.71,9.71,1.56,0.84,1.34,8.3,56.95,3481,群創,2017
9.6,1.73,0.8,0.22,25.62,0.86,0.54,-15.13,-89.72,-94.0,-0.71,38.1,28.14,113.6,141.1,12.59,43.72,5.02,2.53,8.27,1.31,0.68,1.08,5.2,61.54,3481,群創,2018
1.2,-7.91,-6.92,-1.77,24.08,-7.16,-4.46,-9.81,-512.3,-884.6,-10.23,37.23,31.34,88.39,120.1,-15.02,12.48,5.35,2.97,8.12,1.26,0.64,1.03,1.4,59.31,3481,群創,2019
8.83,0.67,0.61,0.17,23.88,0.7,0.44,7.12,109.1,109.4,2.65,37.41,24.3,114.5,145.8,3.49,20.52,5.49,3.21,8.03,1.45,0.72,1.15,2.33,59.77,3481,群創,2020
26.14,17.91,16.44,5.53,28.82,21.22,13.59,29.7,3361.0,3409.0,23.17,34.81,24.6,114.0,150.9,64.88,87.3,5.87,3.15,7.48,2.05,0.83,1.29,9.78,53.39,3481,群創,2021
-3.09,-14.15,-12.48,-2.76,26.55,-10.01,-6.56,-36.1,-150.5,-148.5,-17.92,34.07,73.87,136.6,178.3,-27.64,-2.14,4.48,2.89,6.22,1.4,0.53,0.8,-0.2,51.68,3481,群創,2022
1.47,-8.84,-8.78,-2.01,25.14,-7.72,-5.02,-5.35,40.92,33.37,-6.83,35.98,57.69,108.6,152.6,-8.6,10.91,6.27,3.04,5.71,1.38,0.57,0.88,1.03,56.21,3481,群創,2023
6.55,-3.66,3.11,0.76,29.03,2.91,1.88,2.25,57.67,136.2,0.16,34.78,56.83,108.9,157.7,8.22,18.02,5.92,2.9,5.08,1.57,0.61,0.94,2.06,53.33,3481,群創,2024
10.68,0.98,-0.84,-0.94,11.85,-4.1,-1.05,-11.42,147.5,64.27,-13.96,71.99,17.41,58.07,91.75,0.38,28.95,6.41,3.84,8.17,5.18,1.25,4.89,8.52,257.1,2352,佳世達,2009
11.41,1.53,2.82,1.94,13.3,12.72,3.62,-9.73,40.82,403.3,-10.43,70.95,25.31,58.95,107.5,5.88,3.64,7.61,3.48,7.61,5.62,1.29,4.51,0.82,244.2,2352,佳世達,2010
10.35,0.26,-3.25,-1.74,10.95,-14.9,-4.12,-9.94,-84.79,-204.0,-6.41,73.84,28.28,64.05,110.0,-2.3,-0.25,8.98,4.75,7.02,6.01,1.27,4.58,-0.06,282.3,2352,佳世達,2011
8.72,-0.6,-2.93,-1.41,9.35,-15.29,-3.82,-4.49,-321.3,13.87,-7.61,76.36,21.71,56.15,102.2,-1.5,-0.7,8.56,4.14,7.15,5.69,1.3,5.21,-0.15,322.9,2352,佳世達,2012
10.56,1.31,1.18,0.36,10.45,6.42,1.59,2.28,323.6,141.1,5.25,74.15,23.57,58.88,96.87,2.7,11.92,7.75,3.39,7.18,5.9,1.35,5.45,2.95,286.8,2352,佳世達,2013
11.28,2.19,2.5,1.51,13.37,12.24,3.4,11.98,87.57,137.1,16.45,70.59,15.74,68.46,105.1,5.21,-9.21,5.8,3.29,7.3,6.66,1.36,4.9,-2.67,240.0,2352,佳世達,2014
11.0,1.95,1.69,1.1,13.87,7.2,2.18,-0.31,-11.29,-32.63,-5.0,68.71,17.35,67.65,107.2,4.64,10.08,4.88,3.26,6.94,6.75,1.29,4.27,2.66,219.5,2352,佳世達,2015
12.51,3.46,3.14,2.21,15.0,12.65,4.16,-2.67,72.74,81.15,-4.92,65.43,13.48,65.08,103.2,9.02,15.7,5.09,3.19,6.78,6.75,1.32,4.03,4.05,189.3,2352,佳世達,2016
11.93,2.49,4.13,2.69,15.74,16.05,5.54,5.64,-24.19,39.05,14.3,65.54,11.78,64.02,105.7,10.72,0.6,5.08,3.26,6.47,7.05,1.34,3.88,0.17,190.2,2352,佳世達,2017
12.35,2.94,2.86,2.05,16.5,11.5,3.89,13.82,34.52,-21.32,9.98,66.73,15.68,63.21,107.9,7.61,14.61,5.46,3.52,6.04,7.6,1.36,4.03,4.55,200.6,2352,佳世達,2018
13.58,3.67,2.6,1.82,17.26,10.03,3.45,8.97,36.1,-0.92,13.54,64.69,16.41,66.58,119.2,6.88,12.9,5.58,3.6,5.54,7.56,1.33,3.86,4.31,183.2,2352,佳世達,2019
13.99,3.45,3.32,2.54,18.32,11.9,4.15,12.93,6.18,44.38,25.57,65.48,27.21,73.05,123.5,11.83,17.59,5.5,3.53,5.23,7.09,1.25,3.58,7.42,189.7,2352,佳世達,2020
14.41,3.26,4.64,4.22,21.08,16.76,5.86,17.87,11.31,64.65,9.6,64.66,20.13,59.07,124.4,19.87,2.39,6.31,3.64,4.54,7.15,1.26,3.61,1.07,183.0,2352,佳世達,2021
14.41,2.44,4.62,4.2,20.71,16.75,5.92,6.14,-20.49,5.69,0.01,64.66,20.89,59.83,125.2,14.89,-1.35,7.02,3.82,4.09,7.26,1.28,3.62,-0.61,183.0,2352,佳世達,2022
16.25,2.46,2.22,1.51,18.84,6.93,2.4,-15.11,-14.37,-59.24,0.63,65.98,29.87,76.55,126.7,4.49,15.96,5.54,3.5,3.87,5.55,1.08,3.13,6.91,194.0,2352,佳世達,2023
16.45,2.24,1.4,1.11,18.45,4.31,1.43,-0.95,-9.81,-37.68,9.54,67.85,27.71,74.77,126.4,3.51,3.5,4.84,3.72,4.21,4.78,1.02,3.09,1.69,211.0,2352,佳世達,2024
36.48,8.7,6.96,1.04,14.55,5.77,4.74,9.81,463.3,132.7,2.82,16.57,250.7,361.4,435.4,186.8,95.36,6.72,3.95,5.53,5.17,0.68,0.83,2.51,19.86,2458,義隆,2009
35.73,12.54,10.23,1.76,15.4,10.56,8.84,31.95,90.21,94.14,5.24,16.07,279.9,376.9,479.2,1108.0,75.49,10.08,4.36,6.28,6.98,0.86,1.03,2.01,19.14,2458,義隆,2010
31.19,5.82,7.58,1.2,14.27,6.9,5.7,-13.44,-59.84,-35.91,-6.25,18.6,231.3,345.3,421.4,935.2,42.6,9.43,3.47,5.12,6.24,0.75,0.91,1.24,22.85,2458,義隆,2011
40.66,17.7,14.64,2.96,16.86,17.52,13.76,35.3,311.5,161.4,23.88,23.77,52.1,174.6,395.9,5064.0,49.71,7.45,4.27,4.92,8.86,0.94,1.2,2.08,31.18,2458,義隆,2012
45.86,21.32,18.82,3.8,18.09,20.88,16.13,5.8,27.44,36.03,9.82,21.87,61.1,176.8,455.1,3083.0,102.1,5.48,4.77,3.68,10.2,0.86,1.11,4.09,27.99,2458,義隆,2013
45.85,18.65,18.28,3.61,18.88,18.35,14.27,-1.39,-13.72,-4.24,6.78,22.59,64.96,179.2,437.3,3157.0,81.5,5.29,4.48,3.47,10.93,0.78,1.0,3.52,29.18,2458,義隆,2014
42.6,12.85,11.19,1.98,17.05,9.88,7.6,-14.07,-40.78,-47.4,-8.68,23.62,64.64,182.8,418.2,758.9,47.86,4.98,3.84,3.24,10.23,0.68,0.88,1.93,30.93,2458,義隆,2015
41.29,11.47,8.84,1.57,16.57,8.29,6.3,-0.7,-11.36,-21.51,-1.65,24.48,103.1,216.6,392.1,339.6,54.19,5.15,4.1,3.53,10.99,0.71,0.94,2.33,32.41,2458,義隆,2016
44.62,17.99,13.76,2.58,17.67,14.52,10.71,14.4,79.39,77.95,11.08,27.8,82.31,174.0,330.0,300.6,60.69,5.41,4.18,3.76,12.92,0.78,1.06,3.51,38.5,2458,義隆,2017
45.59,20.0,17.7,4.16,22.74,22.03,15.36,15.3,28.19,48.4,-3.35,32.85,73.38,158.9,263.3,403.1,61.45,5.34,4.09,4.08,12.84,0.87,1.24,4.64,48.92,2458,義隆,2018
46.55,21.94,25.98,8.57,26.31,34.75,23.42,9.67,20.29,60.92,14.73,32.4,49.12,141.0,261.8,297.8,54.01,5.0,3.64,3.99,12.42,0.9,1.34,5.67,47.92,2458,義隆,2019
46.72,27.93,21.15,11.14,31.05,37.84,24.85,59.15,102.6,29.55,28.5,35.84,44.51,145.5,245.1,682.7,72.48,5.33,4.12,5.08,18.49,1.18,1.79,11.35,55.85,2458,義隆,2020
49.74,30.91,27.43,17.64,37.75,49.66,32.04,21.38,34.34,57.45,17.17,35.19,87.67,200.4,248.7,616.7,108.4,5.55,3.77,4.5,20.08,1.17,1.81,18.19,54.3,2458,義隆,2021
45.95,21.37,15.61,7.56,31.24,19.75,13.44,-28.9,-50.85,-59.55,-21.31,27.79,101.7,188.4,333.1,195.0,28.79,5.85,3.89,2.33,13.41,0.86,1.27,2.65,38.48,2458,義隆,2022
45.05,20.19,16.46,7.53,30.99,21.06,14.52,-7.46,-12.57,-2.38,5.21,34.18,78.64,194.8,259.4,185.1,126.6,6.86,4.9,2.27,9.61,0.88,1.28,14.78,51.94,2458,義隆,2023
48.87,24.15,20.42,9.57,34.15,26.97,17.86,5.29,25.94,30.61,7.12,33.4,91.22,188.5,241.5,237.9,92.25,5.98,4.07,3.37,5.9,0.87,1.32,11.58,50.16,2458,義隆,2024
16.08,9.4,8.71,3.24,25.97,9.94,5.01,-4.33,29.13,51.29,35.87,49.52,88.76,144.4,166.8,12.77,44.05,4.07,2.88,9.73,1.2,0.58,1.14,9.41,98.11,3037,欣興,2009
18.12,12.08,11.24,4.63,28.38,15.93,8.29,48.86,91.36,92.1,1.52,46.43,72.68,129.3,157.0,26.49,47.32,4.96,3.42,11.04,1.68,0.74,1.42,7.93,86.68,3037,欣興,2010
15.79,9.05,7.54,3.26,29.41,10.25,5.35,1.69,-23.83,-31.72,10.13,49.06,91.85,157.8,187.4,18.5,50.63,4.4,3.31,10.01,1.65,0.71,1.36,8.29,96.32,3037,欣興,2011
14.52,6.8,4.84,2.24,29.68,6.56,3.26,2.03,-23.34,-34.57,5.09,51.62,87.32,140.3,162.5,9.15,43.04,4.18,3.29,10.3,1.6,0.67,1.36,8.67,106.7,3037,欣興,2012
10.94,2.56,1.6,0.76,29.55,1.92,0.95,-11.2,-66.53,-70.72,-3.2,49.82,82.99,131.0,151.9,3.54,31.42,4.07,3.22,10.65,1.33,0.59,1.2,5.83,99.27,3037,欣興,2013
9.97,1.71,0.58,0.32,29.56,0.73,0.36,3.04,-31.27,-62.23,3.97,52.05,72.71,126.3,150.4,1.84,22.09,4.23,3.48,10.83,1.28,0.61,1.24,4.26,108.6,3037,欣興,2014
9.24,0.4,0.05,0.19,29.26,0.06,0.03,4.69,-75.73,-91.42,0.22,53.75,75.69,123.2,144.7,1.28,33.3,4.28,3.51,10.56,1.31,0.62,1.33,6.75,116.2,3037,欣興,2015
9.43,0.54,0.41,0.01,28.27,0.54,0.26,-3.11,33.15,723.1,-7.11,52.12,78.93,127.3,150.7,2.33,31.26,4.46,3.6,10.29,1.34,0.63,1.33,7.63,108.8,3037,欣興,2016
8.9,-0.02,1.07,0.28,28.25,1.49,0.69,3.76,-103.0,171.4,8.22,55.24,59.47,102.6,128.3,3.14,15.59,4.43,3.64,8.86,1.42,0.65,1.4,3.85,123.4,3037,欣興,2017
11.07,1.83,2.42,1.15,29.06,3.92,1.75,16.52,13641.0,164.2,0.37,55.36,59.11,101.8,126.4,4.45,35.07,4.72,3.6,8.54,1.6,0.73,1.62,9.13,124.0,3037,欣興,2018
13.71,4.23,3.97,2.24,30.15,6.89,3.05,8.98,151.4,79.05,5.34,56.12,56.86,109.1,138.0,6.8,28.38,4.75,3.49,8.53,1.71,0.77,1.74,7.06,127.9,3037,欣興,2019
14.6,4.57,6.05,3.74,33.0,10.48,4.53,6.49,15.0,62.32,13.17,57.42,57.1,101.0,126.8,14.09,42.87,4.76,3.34,8.51,1.63,0.75,1.73,12.44,134.9,3037,欣興,2020
22.63,12.6,12.93,8.98,41.15,22.8,9.18,18.97,227.9,154.3,36.36,61.47,80.31,132.9,162.8,52.2,87.56,4.72,3.01,7.68,1.61,0.71,1.76,29.17,159.6,3037,欣興,2021
35.9,27.17,22.23,20.08,57.99,39.48,16.07,34.36,189.8,130.9,28.58,57.63,112.0,167.6,196.0,90.23,111.3,5.0,2.84,7.21,1.69,0.72,1.78,41.41,136.0,3037,欣興,2022
19.51,8.57,11.75,7.88,59.49,12.94,5.63,-25.95,-76.63,-60.85,-1.22,55.42,119.5,163.7,195.7,25.94,69.84,4.16,2.65,7.05,1.02,0.48,1.1,20.32,124.3,3037,欣興,2023
14.14,4.43,4.82,3.34,61.01,5.67,2.49,10.9,-42.64,-54.55,6.87,56.86,74.94,117.7,148.8,10.32,17.63,5.21,3.09,7.68,1.0,0.52,1.18,6.77,131.8,3037,欣興,2024
31.95,17.04,15.65,28.71,83.2,35.79,19.23,-5.16,-18.86,-20.8,3.19,45.01,120.3,175.5,195.2,11683.0,51.59,5.11,2.06,13.77,15.36,1.23,2.29,35.2,81.85,2498,宏達電,2009
30.09,15.83,14.18,48.49,92.48,56.29,25.51,92.92,79.23,74.73,59.41,60.76,64.39,118.4,145.8,12624.0,39.82,6.28,2.6,12.01,23.3,1.8,3.97,56.48,154.8,2498,宏達電,2010
28.3,14.77,13.37,73.32,121.0,70.34,27.93,67.09,55.87,57.66,34.36,59.96,57.07,99.92,125.8,2307.0,57.72,7.37,2.8,12.18,26.21,2.09,5.26,104.7,149.8,2498,宏達電,2011
25.23,6.51,6.1,20.21,96.69,19.29,7.61,-37.95,-72.63,-71.71,-18.98,61.27,40.36,79.75,107.8,11347.0,18.69,5.07,1.74,8.27,12.17,1.25,3.16,28.36,158.2,2498,宏達電,2012
20.78,-1.95,-0.65,-1.6,94.37,-1.68,-0.7,-29.62,-121.1,-107.5,-16.7,54.99,56.39,83.55,118.0,-22.28,-17.17,5.43,1.63,6.8,7.89,1.07,2.58,-19.62,122.2,2498,宏達電,2013
21.69,0.36,0.79,1.8,97.02,1.88,0.88,-7.62,116.8,212.0,-5.09,50.97,66.95,103.0,132.5,117.8,-0.41,6.8,1.84,7.21,7.67,1.12,2.38,-0.41,103.9,2498,宏達電,2014
18.04,-11.67,-12.77,-18.79,78.27,-21.41,-10.59,-35.24,-2224.0,-1147.0,-21.02,49.93,54.82,84.9,134.1,-1917.0,-20.24,5.0,1.53,5.49,6.26,0.83,1.68,-15.79,99.71,2498,宏達電,2015
12.07,-18.69,-13.51,-12.81,62.98,-18.12,-9.08,-35.77,-2.85,32.02,-20.28,49.81,58.67,90.81,133.7,-1997.0,-18.76,4.45,1.39,4.13,5.69,0.67,1.34,-11.67,99.24,2498,宏達電,2016
2.16,-28.05,-27.24,-20.58,41.05,-39.58,-19.94,-20.52,-19.29,-60.23,-35.45,49.35,31.83,59.32,117.3,-508.0,-57.94,5.02,1.72,5.64,5.44,0.73,1.45,-23.14,97.44,2498,宏達電,2017
2.17,-58.82,50.65,14.72,55.16,30.46,17.91,-61.78,19.87,171.1,1.69,33.22,109.6,120.3,217.1,8998.0,-42.55,4.5,1.03,4.35,2.47,0.35,0.6,-11.58,49.74,2498,宏達電,2018
20.25,-98.36,-93.99,-11.43,42.57,-23.47,-15.63,-57.82,29.46,-178.3,-22.12,33.64,162.9,172.6,206.5,-489.4,-53.08,8.22,0.48,2.82,1.23,0.17,0.25,-11.2,50.68,2498,宏達電,2019
26.95,-110.1,-103.7,-7.27,36.51,-18.55,-12.32,-42.03,35.11,36.02,-14.54,33.53,110.8,116.2,194.1,-406.6,-50.64,10.7,0.33,2.18,0.75,0.12,0.18,-9.14,50.45,2498,宏達電,2020
31.14,-78.36,-59.05,-3.75,33.02,-10.85,-6.95,-9.52,35.59,48.5,-1.96,38.39,113.8,118.5,181.5,-57.93,-30.86,9.99,0.33,2.28,0.69,0.12,0.18,-5.49,62.31,2498,宏達電,2021
39.24,-99.89,-77.39,-4.13,30.81,-12.93,-7.53,-16.07,-6.98,-9.99,5.1,44.96,129.3,137.8,201.0,-22.91,-27.25,7.29,0.27,1.75,0.61,0.1,0.17,-4.53,81.7,2498,宏達電,2022
41.28,-97.21,-76.86,-4.09,27.41,-14.04,-7.38,0.21,2.48,0.47,-1.85,49.97,92.13,105.1,199.2,-12.55,-29.99,5.35,0.29,2.01,0.64,0.1,0.18,-4.88,99.88,2498,宏達電,2023
40.7,-150.6,-110.9,-4.11,25.71,-15.46,-7.45,-30.26,-8.03,-0.66,1.42,53.65,111.8,119.5,211.9,-9.08,-19.92,3.97,0.22,1.8,0.46,0.07,0.14,-3.05,115.7,2498,宏達電,2024
5.48,1.97,1.68,5.23,28.47,19.98,5.74,22.81,24.74,32.94,29.28,70.04,17.34,101.5,128.3,31.38,11.22,6.7,5.75,17.35,30.95,3.42,11.91,7.61,233.8,3231,緯創,2009
5.61,2.24,1.96,6.15,28.96,21.72,6.05,12.53,28.0,31.29,20.72,73.87,25.7,90.36,114.6,27.4,4.85,6.11,5.79,18.94,29.72,3.09,11.1,3.92,282.7,3231,緯創,2010
4.91,1.61,1.38,4.36,29.74,15.31,3.84,7.02,-23.09,-24.71,16.93,75.82,24.08,85.42,109.8,12.73,5.85,6.04,5.78,17.14,23.93,2.79,11.12,5.33,313.5,3231,緯創,2011
4.53,1.25,1.1,3.33,28.4,11.74,2.75,-0.08,-22.19,-20.02,7.31,77.32,37.25,85.34,112.9,6.27,6.21,6.27,5.64,14.67,20.03,2.49,10.66,5.55,341.0,3231,緯創,2012
4.84,0.98,0.92,2.51,27.83,8.98,2.12,-5.14,-26.08,-20.62,-0.93,75.53,41.63,93.26,128.5,4.92,5.43,6.94,5.93,12.34,17.81,2.3,9.74,3.99,308.7,3231,緯創,2013
5.25,0.64,0.61,1.5,28.38,5.27,1.26,-5.07,-38.12,-37.6,10.73,76.63,27.45,77.34,119.0,3.02,-3.68,6.35,5.41,9.07,15.76,2.08,8.7,-3.13,327.9,3231,緯創,2014
4.72,0.38,0.2,0.55,28.45,1.83,0.43,5.22,-36.54,-64.61,-3.07,76.16,29.3,76.68,116.1,2.27,7.88,6.5,5.57,8.4,16.2,2.11,8.95,6.49,319.5,3231,緯創,2015
4.8,0.91,0.45,1.2,26.62,4.36,1.04,5.88,151.6,135.5,-2.63,75.96,29.15,75.11,114.3,3.4,22.97,7.28,5.57,9.46,17.81,2.3,9.62,18.38,316.0,3231,緯創,2016
3.78,0.71,0.52,1.48,24.41,6.49,1.43,26.7,-1.63,45.72,15.53,79.67,25.96,63.32,106.3,3.23,-5.17,9.07,6.25,10.22,22.87,2.74,12.44,-5.0,391.8,3231,緯創,2017
4.22,1.21,0.82,1.76,24.47,10.41,2.19,6.39,82.05,67.03,3.81,78.32,18.15,67.51,114.8,3.03,1.73,8.35,6.25,9.37,22.37,2.67,12.71,1.49,361.2,3231,緯創,2018
4.8,1.51,1.11,2.4,26.03,12.36,2.85,-1.27,23.54,33.51,1.5,75.62,19.84,75.07,116.7,3.66,7.79,7.02,6.02,9.55,21.03,2.57,11.16,6.57,310.2,3231,緯創,2019
5.45,1.71,1.53,3.1,25.73,15.38,3.34,-3.79,8.81,32.71,24.59,80.43,21.1,66.25,115.4,8.17,-3.41,6.51,6.31,8.85,21.88,2.19,10.07,-3.81,411.0,3231,緯創,2020
5.93,1.9,1.71,3.76,27.39,16.7,3.18,2.02,13.15,14.1,15.97,81.4,19.19,66.97,115.4,11.23,-5.89,5.97,5.73,6.32,21.89,1.86,9.77,-7.74,437.7,3231,緯創,2021
7.08,2.79,1.93,4.01,33.85,18.01,4.09,14.21,67.77,29.13,-12.95,72.59,23.14,61.12,119.6,5.13,18.64,7.53,6.6,5.75,21.01,2.12,9.33,19.2,264.9,3231,緯創,2022
7.96,3.16,2.11,4.08,36.36,14.76,4.13,-11.94,-0.3,-3.96,4.5,71.54,26.1,69.7,125.4,3.78,16.73,7.83,6.99,5.77,17.67,1.96,7.01,17.15,251.3,3231,緯創,2023
8.01,3.71,2.92,6.11,45.89,19.42,5.88,21.01,42.31,67.73,30.38,68.33,22.85,78.75,137.4,5.99,1.64,6.73,6.51,6.22,20.2,2.01,6.65,2.01,215.8,3231,緯創,2024
44.8,10.14,13.83,2.11,17.1,12.55,10.13,2.18,9.06,9.86,12.25,20.01,172.9,253.4,293.4,1671.0,68.9,6.03,2.49,8.23,5.59,0.73,0.91,2.93,25.02,3035,智原,2009
43.79,13.77,12.71,2.34,16.16,13.18,10.54,22.45,66.22,12.51,4.41,20.06,175.8,265.3,317.6,2313.0,63.88,6.22,2.75,8.18,7.33,0.83,1.04,2.79,25.09,3035,智原,2010
44.96,12.49,2.03,0.3,15.77,1.8,1.47,-14.2,-22.19,-86.31,-7.72,16.06,271.4,371.1,425.4,1803.0,78.11,5.5,2.72,6.4,6.79,0.72,0.89,2.29,19.14,3035,智原,2011
40.36,14.28,12.64,2.63,17.02,15.95,12.82,46.31,67.34,811.9,17.86,22.72,196.4,278.5,334.0,3663.0,73.36,7.55,4.3,8.47,10.75,1.01,1.26,3.3,29.4,3035,智原,2012
46.2,14.47,11.72,2.02,16.98,11.8,9.3,-16.38,-15.25,-22.45,-2.53,19.58,295.9,354.6,390.7,2887.0,117.6,6.86,3.03,6.21,9.68,0.79,1.01,4.53,24.35,3035,智原,2013
51.75,12.85,11.76,1.65,16.77,9.71,7.95,-17.34,-26.61,-17.09,-3.4,16.68,324.1,393.6,451.2,3810.0,63.13,7.67,2.94,5.46,8.74,0.68,0.83,2.04,20.03,3035,智原,2014
47.72,8.02,6.96,1.26,20.73,7.6,5.99,14.56,-28.55,-32.16,-16.84,26.58,156.9,217.1,274.8,,42.57,8.34,3.34,5.15,10.92,0.86,1.09,1.87,36.2,3035,智原,2015
48.6,7.07,5.34,1.14,19.81,5.64,4.24,-20.03,-29.46,-38.7,-9.41,22.64,144.9,240.3,300.9,,15.89,5.37,2.34,3.82,9.29,0.8,1.06,0.81,29.27,3035,智原,2016
49.57,5.89,15.65,3.4,22.25,16.08,12.64,1.57,-15.38,197.7,10.31,20.27,233.1,290.9,330.2,,93.5,5.77,2.43,5.06,9.85,0.81,1.03,5.15,25.42,3035,智原,2017
53.11,5.77,5.32,1.06,19.3,5.05,3.8,-8.2,-10.07,-68.76,-1.75,29.4,135.2,210.0,248.8,,17.09,5.78,1.84,4.46,8.84,0.71,0.95,1.22,41.64,3035,智原,2018
52.76,7.51,6.34,1.4,20.94,6.68,4.63,8.19,40.74,28.76,13.02,31.67,133.5,203.2,241.6,56.21,41.06,5.77,1.66,4.07,9.21,0.73,1.05,3.44,46.35,3035,智原,2019
47.31,2.71,4.66,1.08,25.32,4.41,3.22,3.56,-62.56,-23.87,6.45,22.66,188.9,248.7,291.3,48.55,43.41,6.41,2.15,5.1,9.85,0.69,0.95,2.82,29.3,3035,智原,2020
50.59,17.34,15.96,4.65,31.54,17.8,12.75,47.13,840.3,403.9,46.8,32.25,135.9,166.6,210.9,257.2,71.48,8.88,2.64,4.39,15.3,0.8,1.12,10.08,47.59,3035,智原,2021
48.8,22.36,19.21,9.88,34.6,29.32,19.65,61.59,108.4,94.6,12.27,33.63,117.3,154.2,234.7,481.2,28.87,10.34,3.3,3.08,25.31,1.02,1.53,4.83,50.67,3035,智原,2022
44.35,16.34,13.05,6.39,38.36,16.59,11.59,-8.42,-33.05,-37.81,-0.7,26.56,176.6,228.3,274.2,156.6,92.93,7.6,3.39,3.17,22.43,0.89,1.27,12.09,36.16,3035,智原,2023
45.65,9.68,9.69,4.04,50.18,9.19,6.75,-7.53,-45.26,-31.35,36.61,26.5,214.6,247.6,284.7,120.2,74.91,7.65,2.56,5.32,19.51,0.7,0.95,11.25,36.05,3035,智原,2024
0.27,-2.6,-11.06,-5.99,26.81,-20.34,-10.06,1.23,-151.2,-237.1,6.69,51.29,149.5,183.5,227.0,-2.72,66.78,16.55,11.16,8.39,2.78,0.91,1.84,9.62,105.3,3576,聯合再生,2009
18.54,14.4,13.53,11.55,47.29,27.55,16.82,95.51,1181.0,339.2,77.1,32.01,113.6,157.1,197.3,12.58,44.75,11.87,8.52,14.01,3.56,1.24,2.04,10.81,47.08,3576,聯合再生,2010
-10.28,-13.38,-14.15,-7.76,33.93,-20.34,-13.6,2.22,-195.0,-206.9,6.83,34.19,103.4,134.9,159.1,-78.92,-11.55,9.91,8.42,17.76,2.21,0.96,1.44,-1.64,51.96,3576,聯合再生,2011
-26.55,-34.35,-34.32,-9.71,23.68,-32.8,-19.44,-40.54,-52.61,-44.2,-4.66,47.6,85.9,122.2,135.2,-54.72,-25.1,5.93,6.27,22.18,1.18,0.57,0.96,-3.95,90.85,3576,聯合再生,2012
8.51,1.57,2.57,0.86,24.27,3.41,1.86,64.07,107.5,112.3,62.62,44.01,66.78,113.5,149.2,3.64,13.23,5.81,4.92,18.19,1.59,0.72,1.33,2.16,78.61,3576,聯合再生,2013
6.48,0.9,0.89,0.28,24.82,1.19,0.68,37.32,-21.26,-52.59,8.78,41.8,97.1,163.5,211.1,1.91,2.82,5.29,5.91,14.47,1.85,0.77,1.35,0.32,71.81,3576,聯合再生,2014
2.81,-5.85,-6.93,-1.71,23.02,-7.31,-4.03,-19.46,-625.2,-729.5,4.76,47.94,67.32,111.7,152.9,-4.92,6.11,3.84,5.47,6.86,1.64,0.58,1.06,0.91,92.09,3576,聯合再生,2015
-11.56,-38.4,-38.75,-6.53,15.78,-34.61,-16.88,-25.56,-388.5,-316.6,-5.75,54.74,62.39,93.22,137.5,-13.88,-11.07,3.52,4.89,4.04,1.32,0.44,0.89,-1.47,121.0,3576,聯合再生,2016
-19.35,-37.99,-40.59,-4.08,10.87,-29.7,-11.7,-38.03,38.7,35.09,-7.08,66.89,26.56,48.12,75.38,-4.69,2.6,2.77,3.19,3.11,0.88,0.29,0.73,0.43,202.1,3576,聯合再生,2017
-6.73,-21.8,-4.61,-0.42,9.91,-3.29,-1.31,28.19,26.45,85.45,69.2,56.06,43.28,64.41,105.5,-0.41,-2.07,3.27,3.19,4.41,0.72,0.28,0.71,-0.33,127.6,3576,聯合再生,2018
-5.43,-28.79,-31.81,-2.26,7.78,-24.58,-10.97,38.08,-82.37,-853.3,-18.5,54.51,50.9,82.74,139.8,-5.53,-9.78,4.64,6.32,4.59,0.82,0.34,0.77,-0.49,119.8,3576,聯合再生,2019
-7.01,-36.88,-49.25,-2.31,5.35,-33.76,-15.47,-31.03,11.64,-6.81,-31.27,53.72,44.06,75.53,125.4,-7.8,19.73,3.77,9.42,3.16,0.85,0.31,0.69,0.83,116.1,3576,聯合再生,2020
5.1,-5.74,-9.38,-0.84,9.3,-8.7,-4.21,14.32,82.21,78.23,-3.84,49.28,65.87,104.1,192.9,-2.43,16.74,4.85,10.08,4.4,1.53,0.45,0.93,0.87,97.16,3576,聯合再生,2021
11.39,3.93,4.99,0.61,10.12,5.7,2.87,31.5,190.1,170.0,9.73,50.09,56.97,93.34,190.1,4.42,-11.93,7.25,13.07,4.74,2.04,0.57,1.14,-0.61,100.4,3576,聯合再生,2022
-14.12,-23.81,-31.28,-2.39,7.84,-25.93,-12.43,-33.45,-503.1,-517.0,-16.09,54.4,48.23,63.99,111.3,-9.52,47.73,6.93,15.34,4.72,1.17,0.4,0.83,2.72,119.3,3576,聯合再生,2023
11.03,-3.95,-37.1,-1.31,6.94,-17.57,-7.61,-53.79,92.33,45.19,-3.85,59.02,95.93,114.0,151.3,-3.22,23.66,6.47,3.43,3.37,0.56,0.21,0.47,1.03,144.0,3576,聯合再生,2024
25.23,13.85,14.23,2.59,46.43,6.32,5.1,24.5,2518.0,4320.0,74.46,21.44,188.6,280.7,304.9,21.29,25.27,3.23,3.8,4.32,0.96,0.36,0.44,3.64,27.3,2448,晶電,2009
37.55,26.36,27.99,7.16,54.83,13.18,9.96,62.57,209.4,219.6,57.68,26.4,158.5,221.0,259.5,49.81,66.04,3.22,2.33,4.49,1.01,0.36,0.47,11.66,35.87,2448,晶電,2010
12.31,0.1,-1.3,0.56,51.79,-0.55,-0.4,5.15,-99.59,-104.9,0.83,29.58,187.0,274.7,334.4,0.13,50.04,2.78,2.89,4.74,0.73,0.3,0.42,5.39,42.0,2448,晶電,2011
7.31,-5.0,-12.07,-1.39,49.21,-4.9,-3.44,-9.25,-4473.0,-740.2,-6.98,29.94,130.7,235.6,304.7,-30.41,25.72,2.4,3.18,4.29,0.64,0.29,0.41,2.68,42.73,2448,晶電,2012
13.3,1.98,0.34,0.04,49.31,0.16,0.1,11.59,144.3,103.1,12.75,37.36,85.52,158.0,196.4,1.13,8.3,2.13,3.3,4.18,0.78,0.31,0.47,1.6,59.65,2448,晶電,2013
19.04,8.62,6.51,1.98,53.19,3.32,2.15,24.6,441.8,2318.0,21.01,33.54,53.5,144.3,194.9,3.48,21.72,1.94,3.42,3.99,0.87,0.33,0.51,4.67,50.47,2448,晶電,2014
0.48,-13.76,-13.01,-2.81,49.82,-5.68,-3.79,-7.95,-247.0,-284.0,-9.6,33.06,34.38,92.64,140.4,-2.13,30.2,1.79,3.38,3.93,0.72,0.29,0.44,6.19,49.4,2448,晶電,2015
7.5,-4.92,-15.71,-3.33,46.22,-7.53,-5.27,0.12,64.23,-20.95,-16.88,26.21,58.76,179.9,242.8,-8.3,68.01,2.16,3.22,4.32,0.83,0.34,0.48,6.52,35.53,2448,晶電,2016
21.61,9.13,6.67,1.55,47.76,3.24,2.48,-1.05,283.7,142.0,-3.06,20.9,70.71,200.5,269.4,10.68,72.09,2.12,2.75,4.32,0.98,0.37,0.49,6.55,26.43,2448,晶電,2017
13.19,-3.34,-2.49,-0.42,45.57,-0.97,-0.78,-19.64,-129.4,-130.0,-6.34,18.86,60.7,185.1,258.1,-3.94,49.99,1.79,2.55,3.7,0.87,0.31,0.39,4.2,23.24,2448,晶電,2018
-2.71,-23.13,-24.67,-3.48,41.93,-8.03,-6.48,-21.4,-443.8,-678.4,-6.39,19.64,75.09,225.5,289.6,-22.42,35.9,1.6,2.95,4.12,0.74,0.26,0.33,2.33,24.44,2448,晶電,2019
-3.06,-30.87,-58.49,-7.52,36.48,-19.56,-14.88,-8.95,-21.53,-115.9,-5.45,28.49,57.17,143.9,195.2,-62.31,19.53,1.7,2.68,4.67,0.7,0.25,0.33,1.66,39.83,2448,晶電,2020
8.97,4.39,3.4,1.86,21.18,8.46,4.36,20.27,190.2,179.0,42.29,51.7,31.05,129.6,143.0,21.19,-6.87,3.34,3.49,20.4,3.83,1.28,2.49,-1.63,107.0,6120,達運,2009
9.29,4.19,4.1,2.25,24.13,9.3,5.02,25.71,19.9,51.54,24.06,41.42,45.98,127.2,151.4,44.57,32.96,3.13,3.04,14.65,4.35,1.23,2.27,6.71,70.7,6120,達運,2010
6.02,0.83,1.45,0.71,24.39,2.86,1.61,-2.14,-80.5,-65.37,-4.48,46.19,37.3,109.0,130.7,9.27,18.33,3.45,2.97,11.53,3.5,1.11,1.97,3.39,85.84,6120,達運,2011
5.68,0.53,0.52,0.22,23.8,0.98,0.56,-13.68,-44.79,-68.89,-18.24,38.23,44.45,120.9,143.6,17.79,36.35,3.76,3.05,13.33,2.91,1.08,1.88,4.65,61.9,6120,達運,2012
6.45,2.41,1.35,1.1,22.49,4.68,2.36,75.57,691.7,353.6,40.27,57.63,36.34,118.0,131.1,5.56,17.03,4.91,4.28,26.22,6.06,1.75,3.47,4.83,136.0,6120,達運,2013
3.89,-0.35,2.94,2.41,20.07,10.06,4.12,17.85,-117.1,157.2,52.92,60.05,35.94,120.0,134.9,22.99,12.35,3.25,2.89,20.68,5.78,1.4,3.42,4.5,150.3,6120,達運,2014
4.03,-0.73,-1.03,-0.57,18.77,-2.94,-1.26,-6.04,-96.76,-133.0,-22.38,53.05,52.5,134.7,156.9,-2.72,9.74,3.11,2.66,16.16,4.37,1.22,2.84,1.6,113.0,6120,達運,2015
6.38,1.22,0.74,0.35,18.02,1.89,0.87,-20.11,232.5,157.4,-10.25,54.58,58.02,141.5,164.1,15.47,16.37,3.43,2.92,13.93,4.05,1.18,2.55,2.56,120.2,6120,達運,2016
6.98,1.37,1.38,0.58,18.05,3.21,1.54,-15.09,-4.51,57.79,-10.44,49.2,73.85,158.2,190.7,16.95,12.14,3.54,3.08,14.42,3.7,1.12,2.33,1.45,96.87,6120,達運,2017
5.83,-1.98,1.51,0.48,17.72,2.7,1.36,-23.51,-210.7,-16.45,-0.21,50.03,56.16,158.8,183.0,20.69,13.48,3.22,2.84,12.23,2.71,0.9,1.79,1.61,100.1,6120,達運,2018
4.92,-2.63,-1.2,-0.29,16.6,-1.66,-0.87,-25.79,1.26,-159.1,-15.71,44.46,95.08,205.4,237.5,-3.52,21.48,3.09,2.62,9.83,1.99,0.73,1.39,1.53,80.04,6120,達運,2019
-2.41,-11.05,-8.68,-1.86,14.92,-11.83,-6.26,-9.85,-278.2,-552.6,-0.78,49.71,97.13,184.5,217.5,-36.03,-5.34,3.79,3.26,10.12,1.85,0.72,1.36,-0.41,98.84,6120,達運,2020
-0.02,-6.29,-3.2,-0.98,13.84,-6.78,-3.28,41.94,19.12,47.68,0.58,53.6,99.32,160.7,191.5,-12.0,12.05,5.38,4.01,12.5,2.8,1.02,2.12,1.09,115.5,6120,達運,2021
-0.19,-7.95,0.87,0.19,14.02,1.36,0.66,-28.69,9.99,119.4,-8.42,48.7,99.51,215.1,246.7,9.59,-3.98,3.45,3.36,10.83,2.33,0.76,1.56,-0.25,94.93,6120,達運,2022
4.8,-1.56,0.65,0.17,13.86,1.24,0.63,22.84,75.86,-8.76,0.23,49.4,89.37,167.3,195.9,0.61,5.33,4.05,4.21,14.69,3.35,0.98,1.92,0.47,97.63,6120,達運,2023
5.11,-0.71,0.9,0.28,14.45,1.99,1.03,17.46,46.78,63.11,-1.27,46.57,98.22,162.8,191.2,13.04,33.74,5.6,4.01,15.29,4.29,1.15,2.22,3.02,87.15,6120,達運,2024
24.0,8.88,7.82,2.5,18.65,13.51,8.99,-10.75,-19.67,-22.29,19.21,36.87,29.3,116.6,177.0,69.25,25.54,4.07,4.65,4.56,4.2,1.15,1.73,2.72,58.4,2360,致茂,2009
28.7,14.08,12.11,5.05,20.97,25.44,16.41,36.4,116.2,111.4,12.92,34.29,47.07,139.8,202.1,175.1,63.29,4.47,3.91,5.14,5.57,1.35,2.1,6.78,52.19,2360,致茂,2010
27.69,11.59,10.63,4.06,20.72,19.41,12.91,-4.95,-21.76,-16.57,-0.04,32.68,52.46,148.1,213.2,216.9,51.24,4.17,3.35,4.74,5.14,1.21,1.83,4.95,48.54,2360,致茂,2011
29.11,9.22,7.87,2.45,20.8,11.64,7.98,-17.7,-34.5,-39.09,-2.96,30.1,54.4,163.7,219.7,114.6,47.22,3.8,3.16,4.41,4.17,1.01,1.48,3.92,43.07,2360,致茂,2012
36.88,11.49,11.59,3.21,22.88,14.19,9.8,-12.65,8.81,28.7,12.92,31.73,53.05,174.7,229.5,100.7,30.8,3.49,3.05,4.13,3.71,0.84,1.22,2.51,46.48,2360,致茂,2013
39.26,11.85,12.57,3.52,24.6,14.33,9.34,1.34,4.53,9.91,17.24,37.39,64.36,258.5,319.9,49.67,42.76,3.29,3.08,3.99,3.81,0.74,1.14,3.27,59.71,2360,致茂,2014
43.55,12.59,12.32,3.28,24.94,12.64,7.7,-5.96,-0.11,-7.83,7.28,40.65,79.97,250.8,309.5,39.02,72.88,3.24,2.49,3.38,3.54,0.62,1.03,6.02,68.5,2360,致茂,2015
46.7,17.32,14.59,4.53,27.36,16.69,9.77,19.93,65.01,41.94,16.02,42.1,66.69,192.7,237.4,49.56,42.37,3.9,2.28,3.5,4.24,0.67,1.14,5.27,72.72,2360,致茂,2016
47.44,20.42,17.1,6.41,32.27,21.02,12.54,28.19,51.16,50.32,18.17,38.85,73.33,162.4,203.8,138.0,39.71,3.98,2.01,3.61,5.54,0.73,1.23,6.89,63.54,2360,致茂,2017
44.05,17.95,15.04,6.22,34.73,18.1,11.27,13.62,-0.11,-0.06,5.38,36.69,48.96,173.6,221.5,105.1,21.19,3.74,2.24,3.91,5.59,0.75,1.2,3.09,57.94,2360,致茂,2018
47.31,14.81,13.58,4.48,34.69,12.82,7.77,-17.85,-32.25,-25.82,9.63,41.87,30.26,127.0,168.7,44.29,18.26,2.89,1.88,2.88,4.21,0.57,0.94,3.3,72.04,2360,致茂,2019
48.57,18.01,15.33,5.56,38.29,15.28,8.89,11.67,35.83,26.01,10.58,41.74,34.44,120.3,160.8,52.5,32.28,3.39,2.03,2.81,4.87,0.58,1.0,6.49,71.64,2360,致茂,2020
48.06,17.49,24.48,9.96,44.07,24.37,14.93,13.21,9.92,80.82,5.04,35.87,39.19,127.8,184.6,119.1,32.89,3.94,2.19,2.63,3.8,0.61,1.0,6.18,55.94,2360,致茂,2021
51.47,22.84,23.66,12.14,50.41,25.58,16.48,25.5,63.88,21.28,14.49,35.34,64.0,135.0,191.4,118.0,57.05,4.75,2.38,2.47,3.37,0.7,1.08,12.59,54.66,2360,致茂,2022
57.6,25.02,21.93,9.45,51.82,18.45,12.17,-15.37,-7.27,-21.56,-1.03,32.75,49.08,126.9,187.3,86.16,40.49,3.7,1.76,1.68,2.63,0.55,0.84,8.09,48.7,2360,致茂,2023
59.0,25.38,25.0,12.49,58.72,22.52,15.26,15.68,17.32,31.85,11.43,31.78,49.78,138.2,211.6,151.2,58.09,3.79,1.86,1.75,3.06,0.61,0.9,11.35,46.59,2360,致茂,2024
40.64,11.65,12.51,2.44,31.07,8.05,7.16,59.24,7.16,20.48,6.15,11.34,350.6,436.9,506.3,77874.0,80.74,6.52,3.31,5.67,33.16,0.57,0.64,2.99,12.78,3014,聯陽,2009
38.52,8.12,7.35,1.51,30.85,4.87,4.32,5.48,-26.46,-37.99,-0.54,11.17,366.9,453.7,552.1,,50.12,6.67,3.67,4.72,36.75,0.59,0.66,1.71,12.58,3014,聯陽,2010
34.64,3.63,-58.01,-11.22,18.3,-45.67,-39.82,-5.43,-57.75,-846.0,-37.63,15.45,356.2,439.6,521.3,-13116.0,77.55,7.03,4.08,4.93,16.3,0.69,0.79,2.37,18.28,3014,聯陽,2011
40.24,6.3,5.99,1.08,19.36,5.72,4.73,-6.72,61.89,109.6,11.17,18.89,323.4,401.6,463.5,,56.7,6.36,3.59,4.82,10.33,0.79,0.95,2.29,23.29,3014,聯陽,2012
39.97,6.54,6.21,1.22,22.56,5.95,4.75,-2.62,1.2,0.82,-9.33,21.59,264.1,347.0,398.8,497.6,49.7,5.34,3.44,4.84,11.18,0.77,0.96,2.34,27.53,3014,聯陽,2013
45.63,14.57,10.7,2.4,23.48,10.26,8.17,-3.37,115.2,66.51,3.67,19.14,323.4,418.6,476.0,783.0,55.14,5.53,3.24,4.65,11.94,0.76,0.96,2.77,23.67,3014,聯陽,2014
48.74,13.74,10.97,2.2,23.96,9.14,7.35,-10.36,-15.5,-8.07,0.67,19.88,286.9,406.0,455.0,,35.76,5.62,2.87,4.13,11.28,0.67,0.83,1.9,24.82,3014,聯陽,2015
50.02,14.03,11.63,2.38,24.58,9.71,7.8,1.39,3.58,7.5,2.0,19.37,285.6,413.1,457.5,928.6,59.28,5.86,2.8,4.66,11.8,0.67,0.83,3.1,24.03,3014,聯陽,2016
50.79,15.5,12.2,2.47,23.9,10.12,8.06,1.47,12.07,6.45,4.01,21.22,253.0,353.4,392.5,35595.0,75.07,6.17,2.6,4.93,9.02,0.66,0.83,4.39,26.93,3014,聯陽,2017
52.71,16.39,14.47,3.08,23.95,12.61,9.89,5.99,12.12,25.69,0.86,21.78,219.4,306.1,357.4,291836.0,58.83,6.93,2.41,4.14,6.14,0.68,0.87,3.55,27.85,3014,聯陽,2018
52.55,18.17,14.68,3.38,25.06,13.62,10.45,8.97,20.76,10.57,8.5,24.67,219.8,285.9,321.1,335.6,86.12,7.0,2.49,4.4,5.71,0.71,0.93,6.08,32.76,3014,聯陽,2019
51.02,23.12,19.42,5.83,29.86,21.15,15.79,31.46,67.27,73.86,21.06,25.87,136.4,254.3,292.1,636.0,11.62,6.82,2.6,5.61,7.72,0.81,1.09,1.08,34.9,3014,聯陽,2020
52.66,29.18,25.14,11.21,38.87,32.63,23.88,49.12,88.24,93.05,33.17,27.53,90.97,210.1,262.9,1292.0,47.27,7.68,2.52,4.33,11.46,0.95,1.3,6.37,37.98,3014,聯陽,2021
52.3,25.91,23.36,7.56,33.4,20.92,15.91,-27.45,-35.58,-32.57,-22.8,19.34,162.7,289.4,393.8,828.9,117.0,5.85,2.02,2.31,8.24,0.68,0.9,7.97,23.98,3014,聯陽,2022
54.55,28.08,25.3,9.86,39.9,26.9,21.34,20.42,30.51,30.39,23.16,21.77,205.5,285.6,340.5,1216.0,152.2,7.79,2.9,3.04,9.72,0.84,1.06,15.16,27.82,3014,聯陽,2023
55.62,27.66,24.52,10.1,40.52,24.73,19.12,5.67,4.08,2.45,7.15,23.56,183.4,277.9,329.2,1287.0,72.28,6.84,2.36,3.45,10.14,0.78,1.01,8.6,30.82,3014,聯陽,2024
,,29.63,0.91,14.27,6.55,1.38,20.05,,323.1,3.67,78.57,,,,,,0.41,,,3.0,0.05,0.22,4.69,366.6,2885,元大金,2009
,,32.04,1.01,14.41,7.09,1.4,4.03,,12.49,18.56,81.7,,,,,,0.3,,,2.49,0.04,0.22,-1.0,446.5,2885,元大金,2010
,,42.37,1.47,14.91,10.1,1.93,24.7,,64.86,20.25,80.21,,,,,,0.37,,,2.32,0.05,0.24,3.52,405.2,2885,元大金,2011
,,23.61,0.63,15.33,4.3,0.85,-10.99,,-50.4,7.3,80.46,,,,,,0.34,,,1.96,0.04,0.18,-2.45,411.7,2885,元大金,2012
,,28.15,0.78,16.01,5.01,0.96,0.6,,19.95,4.98,81.32,,,,,,0.31,,,2.24,0.03,0.18,1.17,435.2,2885,元大金,2013
,,30.08,1.62,16.74,9.48,1.52,90.29,,103.4,49.32,85.68,,,,,,0.5,,,4.23,0.05,0.32,-2.48,598.1,2885,元大金,2014
,,17.19,1.02,17.02,6.28,0.84,27.8,,-26.95,20.08,87.28,,,,,,0.58,,,4.55,0.05,0.37,-6.58,685.9,2885,元大金,2015
,,16.94,1.16,16.96,6.86,0.77,20.99,,19.16,39.4,89.83,,,,,,0.64,,,4.42,0.05,0.4,1.49,883.8,2885,元大金,2016
,,18.66,1.37,17.89,7.82,0.79,11.07,,22.4,5.15,89.97,,,,,,0.58,,,4.31,0.04,0.42,-9.83,896.8,2885,元大金,2017
,,20.24,1.59,18.76,8.82,0.9,7.99,,17.11,0.59,89.64,,,,,,0.64,,,4.55,0.04,0.44,0.83,865.7,2885,元大金,2018
,,20.58,1.75,19.9,9.09,0.94,6.25,,8.02,5.56,89.64,,,,,,0.68,,,4.88,0.05,0.44,4.06,864.9,2885,元大金,2019
,,22.47,1.99,20.87,9.92,1.0,7.45,,17.32,14.22,90.08,,,,,,0.55,,,5.01,0.04,0.44,2.17,907.9,2885,元大金,2020
,,31.19,2.87,22.17,13.22,1.29,3.12,,43.17,9.62,90.44,,,,,,0.47,,,4.93,0.04,0.42,3.19,945.7,2885,元大金,2021
,,24.82,1.72,20.51,8.02,0.75,-23.26,,-38.94,-0.23,90.8,,,,,,0.39,,,3.66,0.03,0.32,0.64,987.3,2885,元大金,2022
,,29.08,2.09,22.62,9.74,0.9,7.2,,25.62,9.37,90.65,,,,,,0.41,,,3.71,0.03,0.33,-2.79,969.7,2885,元大金,2023
,,31.74,2.77,24.28,11.89,1.09,23.05,,34.3,12.64,90.96,,,,,,0.39,,,4.29,0.03,0.37,-8.3,1006.0,2885,元大金,2024
9.21,4.94,3.61,3.3,33.31,9.64,5.14,8.48,14.65,10.83,11.38,48.68,69.03,149.2,166.0,18.14,41.34,3.96,4.61,24.29,5.59,1.42,2.67,12.22,94.86,6176,瑞儀,2009
9.59,6.26,5.38,6.11,34.42,18.19,8.92,31.63,66.73,96.32,14.58,52.93,77.63,142.1,165.1,31.29,36.86,5.25,4.38,25.81,7.6,1.66,3.38,12.66,112.5,6176,瑞儀,2010
10.63,7.15,6.92,10.01,43.27,26.1,11.14,31.3,49.93,68.73,53.16,60.21,70.47,116.7,157.4,25.24,21.19,6.1,4.5,26.94,8.82,1.61,3.77,11.96,151.3,6176,瑞儀,2011
11.64,8.36,6.71,11.33,46.09,26.26,10.87,20.12,40.47,16.54,-2.68,56.95,73.86,151.9,169.3,21.74,22.78,5.49,4.55,25.57,9.94,1.62,3.91,11.37,132.3,6176,瑞儀,2012
14.29,9.3,7.41,10.13,48.01,22.27,9.52,-16.6,-7.22,-7.88,13.24,57.5,89.64,142.7,157.0,37.03,29.39,4.05,3.4,16.61,8.81,1.28,3.0,17.99,135.3,6176,瑞儀,2013
13.64,7.75,7.25,8.01,52.58,15.93,6.91,-19.15,-32.68,-20.89,5.32,55.81,134.1,202.0,216.4,20.05,28.89,3.74,2.98,14.63,7.23,0.95,2.2,13.47,126.3,6176,瑞儀,2014
12.34,6.33,5.93,6.61,52.27,12.61,5.62,0.89,-17.52,-17.53,-2.4,54.99,82.47,159.3,181.8,15.97,-0.94,3.6,3.19,18.08,6.42,0.95,2.13,-0.49,122.2,6176,瑞儀,2015
12.75,6.68,6.85,6.81,49.4,13.4,6.12,-10.79,-5.9,3.09,-8.37,53.57,73.81,139.0,158.7,30.55,32.23,2.9,2.6,16.74,5.78,0.89,1.96,17.99,115.4,6176,瑞儀,2016
14.46,9.13,5.62,6.57,50.18,13.19,6.06,17.66,60.85,-3.58,3.86,54.59,74.63,151.9,162.4,33.33,16.51,3.48,2.96,20.66,8.81,1.08,2.35,9.82,120.2,6176,瑞儀,2017
15.46,9.46,9.34,10.83,55.46,20.51,9.04,-0.82,2.74,64.9,16.85,57.05,59.76,125.2,161.1,22.24,23.17,3.13,2.56,21.26,11.26,0.97,2.2,16.94,132.8,6176,瑞儀,2018
18.11,13.0,10.46,12.62,58.98,22.06,10.62,4.02,42.96,16.52,-15.84,45.73,103.8,155.6,202.7,27.44,29.31,3.7,2.82,20.64,15.29,1.01,2.11,14.11,84.25,6176,瑞儀,2019
19.03,14.26,9.32,11.24,63.14,18.41,9.83,-0.05,9.59,-10.94,10.51,47.43,84.5,142.7,187.0,30.95,18.79,4.23,3.44,15.85,19.6,1.05,1.98,10.38,90.21,6176,瑞儀,2020
18.55,13.29,9.12,11.16,66.08,17.27,8.42,1.48,-5.42,-0.72,20.59,54.38,80.96,126.9,178.3,70.08,23.43,3.65,2.92,13.93,22.12,0.92,1.89,17.84,119.2,6176,瑞儀,2021
19.9,14.01,11.46,14.47,73.02,20.8,10.11,3.12,8.77,29.61,-2.44,48.32,136.1,192.1,224.7,61.86,40.18,3.71,2.73,13.8,22.94,0.88,1.81,23.7,93.5,6176,瑞儀,2022
20.14,12.98,11.97,11.35,73.84,15.45,8.33,-24.89,-30.45,-21.57,-7.25,43.66,161.0,225.7,252.0,16.55,25.89,2.96,2.28,13.02,18.26,0.7,1.29,12.46,77.5,6176,瑞儀,2023
20.72,13.01,14.07,15.63,81.29,20.15,11.59,17.11,17.44,37.74,5.67,41.3,144.9,220.0,255.6,73.25,28.02,3.27,2.69,16.57,19.22,0.82,1.43,13.76,70.37,6176,瑞儀,2024
-13.5,-31.32,-31.53,-2.2,10.02,-20.07,-13.03,-36.37,-348.8,-598.4,2.6,28.86,108.3,179.4,200.7,-22.18,-39.28,6.25,4.44,11.49,1.16,0.41,0.64,-1.96,40.57,3049,精金,2009
8.55,-3.09,-4.44,-0.31,9.57,-3.2,-2.09,25.29,87.63,82.36,16.71,39.32,248.6,367.3,391.6,-2.49,44.07,5.64,3.3,12.13,1.6,0.47,0.72,1.11,64.81,3049,精金,2010
-13.02,-32.34,-30.65,-1.99,7.71,-22.99,-9.53,-5.88,-884.1,-549.7,65.25,70.22,59.17,67.79,91.34,-36.42,-0.24,7.2,2.97,9.64,0.57,0.31,0.75,-0.02,235.8,3049,精金,2011
32.83,29.05,-75.67,-2.59,5.12,-40.35,-9.56,-47.16,147.5,-30.47,8.78,81.93,14.82,29.46,41.27,6.01,2.13,3.86,0.63,2.29,0.17,0.13,0.53,0.2,453.4,3049,精金,2012
42.07,37.49,6.01,0.35,5.45,6.63,1.27,70.11,119.6,113.5,-4.73,79.75,12.61,22.17,87.38,6.81,29.6,4.65,0.83,4.71,0.3,0.21,1.1,3.59,393.8,3049,精金,2013
26.06,19.28,12.92,0.58,6.37,9.44,2.82,-13.16,-55.35,86.84,-27.78,56.79,21.01,36.82,82.58,3.82,33.19,4.85,1.29,9.07,0.35,0.22,0.73,1.71,131.4,3049,精金,2014
17.61,12.98,2.98,0.16,10.23,1.66,0.76,-7.02,-37.38,-78.55,-11.1,50.66,32.06,42.44,53.84,3.3,26.2,6.39,2.15,14.91,0.37,0.26,0.56,2.38,102.7,3049,精金,2015
-5.38,-12.48,-18.11,-0.67,9.58,-6.76,-2.96,-34.29,-163.2,-499.2,18.46,60.78,17.49,46.05,61.59,-2.53,29.14,3.65,2.25,19.72,0.27,0.16,0.37,1.39,155.0,3049,精金,2016
13.2,2.98,5.2,0.19,9.77,1.98,0.79,-0.53,123.8,128.5,-3.1,58.94,20.44,46.65,63.8,1.5,63.6,3.94,1.87,13.86,0.28,0.15,0.38,2.16,143.5,3049,精金,2017
16.87,6.02,6.25,0.25,10.06,2.38,1.05,4.61,111.4,25.73,-6.23,53.17,17.01,58.85,70.3,2.22,74.36,8.83,2.81,13.19,0.31,0.17,0.38,1.9,113.5,3049,精金,2018
37.74,28.63,22.36,1.35,11.62,11.35,5.88,54.89,636.4,454.2,3.6,43.43,29.33,72.63,95.26,8.92,164.2,13.3,4.95,18.35,0.38,0.26,0.51,2.99,76.79,3049,精金,2019
23.05,13.57,11.66,0.43,11.7,3.72,2.09,-29.92,-66.78,-63.46,2.27,44.29,92.59,145.5,294.2,5.76,80.53,8.93,4.11,12.67,0.25,0.18,0.32,1.91,79.49,3049,精金,2020
34.4,26.57,27.75,1.24,12.83,10.15,6.16,22.34,139.5,191.3,-4.65,34.12,205.6,503.0,533.7,19.17,207.8,11.77,4.6,12.29,0.35,0.22,0.37,2.31,51.79,3049,精金,2021
5.54,-4.02,1.22,0.03,12.13,0.27,0.18,-36.28,-109.6,-97.21,-9.52,30.96,249.9,419.4,453.6,1.28,107.1,7.42,4.21,12.07,0.23,0.15,0.23,0.94,44.85,3049,精金,2022
-61.55,-80.01,-71.42,-1.12,11.06,-9.6,-6.55,-44.64,-1002.0,-3350.0,-6.72,32.77,231.8,329.6,358.1,-14.26,-4.1,5.97,4.83,14.19,0.13,0.09,0.13,-0.04,48.74,3049,精金,2023
-45.34,-64.01,-60.78,-1.1,9.56,-10.12,-6.63,10.11,11.92,6.29,-8.39,36.3,93.16,181.2,205.8,-12.46,-30.54,8.14,5.16,15.28,0.15,0.11,0.17,-0.36,56.99,3049,精金,2024
10.16,2.67,1.98,4.31,34.98,12.92,4.25,5.07,9.0,-3.27,19.55,68.09,29.81,93.28,129.1,25.09,21.24,5.19,4.96,11.31,63.73,2.15,6.53,14.5,213.3,2353,宏碁,2009
10.25,2.89,2.4,5.71,35.32,16.17,5.29,9.6,18.67,33.17,-3.62,66.45,42.11,110.2,138.9,19.72,8.14,5.65,5.01,12.22,86.8,2.2,6.73,5.0,198.1,2353,宏碁,2010
8.11,-1.36,-1.39,-2.52,29.05,-7.77,-2.5,-24.45,-135.6,-143.7,-11.48,69.49,39.78,102.1,134.0,-6.44,4.14,4.75,4.41,10.75,74.51,1.8,5.6,2.31,227.8,2353,宏碁,2011
8.2,0.22,-0.57,-0.9,27.56,-3.28,-1.04,-9.6,114.5,62.72,-8.86,67.21,35.44,85.51,118.3,-1.51,0.8,5.34,3.82,9.47,64.67,1.81,5.73,0.42,205.0,2353,宏碁,2012
6.26,-3.17,-5.7,-7.54,20.66,-31.46,-9.85,-16.18,-1316.0,-733.8,-15.83,70.47,37.81,94.27,129.4,-22.16,-7.61,5.34,3.24,8.56,57.7,1.73,5.52,-3.18,238.7,2353,宏碁,2013
8.78,0.82,0.54,0.66,22.13,3.06,0.94,-8.45,123.7,108.7,0.31,68.27,40.39,93.46,128.1,5.01,4.78,5.31,3.11,8.33,56.76,1.73,5.64,2.07,215.2,2353,宏碁,2014
9.43,0.36,0.23,0.2,21.67,0.95,0.33,-19.99,-65.34,-66.28,-10.13,61.65,43.5,92.66,129.6,3.49,-0.84,4.8,2.68,6.76,51.16,1.45,4.17,-0.29,160.8,2353,宏碁,2015
9.97,0.51,-2.11,-1.62,19.01,-7.93,-2.9,-11.77,27.05,-911.7,-3.53,65.19,42.01,86.37,127.0,-17.88,7.85,4.92,2.44,5.73,50.88,1.38,3.77,2.73,187.2,2353,宏碁,2016
10.69,1.55,1.18,0.93,18.92,4.84,1.73,1.96,207.7,157.1,-4.87,63.22,36.43,88.38,135.5,16.23,-8.06,5.1,2.49,5.35,56.31,1.47,4.1,-2.48,171.9,2353,宏碁,2017
10.66,1.54,1.2,1.01,19.24,4.96,1.86,2.11,1.87,3.76,-2.3,61.69,31.43,88.49,141.8,25.26,-2.46,5.02,3.0,5.27,60.92,1.55,4.14,-0.7,161.1,2353,宏碁,2018
10.55,1.31,1.1,0.87,19.1,4.35,1.66,-3.3,-17.67,-11.5,1.37,62.08,28.63,89.93,144.1,20.61,-1.63,4.75,3.37,5.04,63.25,1.51,3.96,-0.46,163.7,2353,宏碁,2019
10.87,3.22,2.22,2.01,20.09,10.15,3.62,18.28,190.3,139.3,17.82,66.32,35.39,91.56,134.3,58.34,24.83,5.24,3.55,5.88,74.62,1.63,4.58,9.16,196.9,2353,宏碁,2020
11.66,4.44,3.54,3.63,21.22,17.64,5.66,15.12,58.5,83.66,16.79,69.26,34.48,87.19,135.3,46.85,5.02,5.3,3.23,5.54,80.54,1.6,4.99,2.16,225.3,2353,宏碁,2021
10.8,2.52,2.03,1.67,21.97,8.21,2.78,-13.66,-51.09,-50.36,-11.99,62.74,47.07,100.6,147.4,41.65,5.96,4.73,3.03,4.87,65.93,1.36,4.04,1.98,168.4,2353,宏碁,2022
10.7,1.75,2.33,1.64,24.86,7.47,2.83,-12.39,-39.01,0.5,10.42,61.51,44.9,95.82,147.0,28.51,11.83,4.59,2.99,5.02,55.33,1.21,3.2,4.22,159.8,2353,宏碁,2023
10.58,1.84,2.35,1.84,25.56,7.59,2.9,9.69,15.39,10.43,5.15,61.92,34.46,88.31,143.4,16.99,-1.39,4.84,3.17,5.27,41.18,1.24,3.23,-0.51,162.6,2353,宏碁,2024
46.65,23.2,20.79,3.23,18.51,18.97,15.79,47.12,482.5,328.0,27.2,19.23,322.5,367.3,394.8,1816.0,153.3,13.07,2.52,10.95,8.28,0.76,0.91,6.68,23.81,3041,揚智,2009
49.16,21.48,23.34,3.19,19.83,16.66,13.65,-11.94,-18.48,-1.15,4.23,16.97,382.7,410.7,441.5,2948.0,70.23,11.61,1.71,10.54,7.61,0.58,0.71,2.81,20.44,3041,揚智,2010
45.27,14.42,18.05,2.24,18.65,11.58,9.64,-11.44,-40.56,-31.53,-10.03,16.5,342.5,395.2,445.7,2877.0,33.59,8.28,1.8,11.11,6.54,0.53,0.64,1.21,19.76,3041,揚智,2011
47.3,18.21,14.98,2.62,19.19,13.74,11.29,39.08,75.69,15.41,8.06,19.07,149.7,326.0,365.4,4005.0,84.23,8.41,2.47,7.94,8.06,0.75,0.92,3.77,23.56,3041,揚智,2012
45.2,0.49,21.44,3.05,20.35,15.09,12.46,-18.88,-97.83,16.11,2.55,15.81,140.7,481.6,518.0,12547.0,12.59,6.2,2.12,5.12,5.89,0.58,0.7,0.48,18.77,3041,揚智,2013
44.38,5.13,5.69,0.9,19.04,4.46,3.76,11.83,1080.0,-70.29,-5.5,15.59,40.76,461.0,521.4,7445.0,13.47,7.14,2.67,5.75,6.7,0.66,0.78,0.47,18.47,3041,揚智,2014
41.43,-6.14,-2.37,-0.29,18.36,-1.52,-1.28,-21.86,-193.6,-132.5,-3.78,16.17,65.2,452.1,500.2,-950.0,8.94,5.54,2.21,4.43,5.92,0.54,0.64,0.31,19.29,3041,揚智,2015
36.65,-11.11,-16.92,-1.95,16.43,-11.05,-9.31,-6.36,-69.36,-569.7,-12.23,15.32,121.6,471.1,539.3,-52213.0,-14.19,5.61,2.36,4.31,6.49,0.55,0.65,-0.42,18.1,3041,揚智,2016
28.64,-19.93,-14.72,-1.6,14.88,-10.1,-8.52,-6.28,-68.08,18.46,-9.46,15.97,85.57,413.9,487.7,-47718.0,-94.44,6.12,2.77,3.99,6.44,0.58,0.69,-2.66,19.0,3041,揚智,2017
17.62,-44.35,-31.59,-2.58,12.28,-18.97,-15.72,-24.3,-68.47,-62.49,-14.59,18.5,87.43,336.5,375.0,-4249.0,-41.44,5.23,2.48,4.5,5.03,0.5,0.6,-1.15,22.7,3041,揚智,2018
37.27,-22.28,-15.8,-1.68,17.57,-9.11,-7.52,-16.62,58.12,58.31,-10.76,16.36,208.4,342.8,382.1,-319.6,-56.81,5.64,1.83,5.06,4.89,0.48,0.58,-1.93,19.55,3041,揚智,2019
31.75,-17.15,-11.63,-1.26,16.34,-7.49,-6.19,2.99,20.71,24.18,-4.58,18.54,120.9,251.1,308.6,-491.0,-41.03,6.73,2.32,5.25,5.98,0.53,0.64,-1.49,22.75,3041,揚智,2020
37.91,-3.31,-3.18,-0.47,16.11,-2.89,-2.35,35.9,73.8,62.79,0.13,18.75,105.1,243.5,305.5,-92.16,-4.7,7.28,2.7,4.96,7.98,0.74,0.91,-0.17,23.08,3041,揚智,2021
39.09,3.63,0.63,0.07,16.9,0.52,0.44,-5.84,203.4,118.6,-1.22,13.18,208.5,350.5,426.2,72.25,45.53,5.8,2.88,4.78,7.5,0.7,0.83,1.1,15.18,3041,揚智,2022
21.11,-45.19,-117.0,-8.75,8.27,-69.45,-53.65,-45.47,-778.7,-10247.0,-32.42,36.93,63.8,114.6,157.2,-845.3,-50.85,4.24,2.59,3.54,4.85,0.46,0.59,-2.43,58.56,3041,揚智,2023
28.19,-15.64,-17.08,-2.39,11.46,-15.81,-10.07,12.62,61.03,83.55,17.17,35.73,63.8,114.6,157.2,-6.75,-30.72,6.87,2.78,3.44,6.58,0.59,0.93,-2.43,55.58,3041,揚智,2024
26.52,9.91,7.65,4.02,21.78,18.59,11.36,-20.11,-19.56,-29.3,3.57,39.55,132.0,192.0,237.1,617.6,89.77,5.78,4.13,8.07,7.77,1.48,2.43,11.11,65.43,3504,揚明光,2009
23.42,9.28,6.49,4.43,32.58,16.08,10.41,33.54,25.0,13.23,42.78,32.22,107.7,191.9,231.7,502.9,10.68,7.22,5.58,11.59,5.84,1.61,2.48,1.48,47.54,3504,揚明光,2010
22.9,6.72,8.12,5.01,35.06,14.8,10.41,-6.01,-31.89,17.67,0.16,27.19,69.4,152.1,206.1,178.0,41.36,5.66,4.74,9.47,3.44,1.28,1.82,5.28,37.34,3504,揚明光,2011
25.83,7.69,6.38,3.79,34.33,11.01,7.5,-3.57,10.27,-24.25,10.12,36.17,51.89,120.4,159.8,117.3,29.19,5.17,4.07,7.54,2.96,1.18,1.73,5.29,56.66,3504,揚明光,2012
25.76,5.38,4.54,2.09,34.85,6.1,3.99,-22.45,-45.71,-44.77,-2.1,32.85,98.75,141.9,176.0,55.43,62.8,4.79,3.23,6.62,2.21,0.88,1.34,9.97,48.92,3504,揚明光,2013
26.75,4.03,3.85,1.69,35.86,4.78,3.22,-4.82,-28.78,-19.34,2.27,32.44,99.44,153.6,186.2,27.61,9.72,5.61,3.35,7.24,2.15,0.84,1.24,1.58,48.01,3504,揚明光,2014
27.5,2.22,2.88,1.13,35.21,3.17,2.22,-10.89,-50.97,-33.34,-8.64,27.39,120.8,171.2,215.3,31.33,24.76,5.13,3.35,6.15,2.02,0.77,1.1,3.16,37.72,3504,揚明光,2015
21.15,-4.51,-4.92,-1.74,31.37,-5.32,-3.66,-7.73,-287.9,-257.5,0.01,35.21,106.0,142.2,175.1,-18.28,2.82,5.88,3.87,6.17,1.99,0.74,1.08,0.46,54.35,3504,揚明光,2016
18.24,-3.05,-3.33,-1.31,29.54,-4.26,-2.72,8.24,26.87,26.74,-2.72,37.25,100.9,146.4,204.5,-11.03,-0.68,6.54,3.89,5.71,2.26,0.82,1.28,-0.09,59.37,3504,揚明光,2017
20.04,2.66,2.88,1.57,30.89,5.22,3.25,40.57,222.7,221.6,5.94,38.07,69.24,118.9,173.5,22.01,5.79,7.75,4.59,6.11,3.08,1.13,1.81,0.94,61.46,3504,揚明光,2018
21.35,-0.17,0.11,0.04,29.84,0.15,0.09,-23.03,-105.0,-97.02,8.47,44.81,59.6,108.1,140.4,1.19,25.65,4.93,3.32,5.25,2.14,0.81,1.39,4.79,81.2,3504,揚明光,2019
18.21,-6.03,-6.05,-2.07,27.82,-7.16,-4.04,-18.97,-2721.0,-4507.0,-10.8,42.32,99.08,144.0,186.3,-8.96,28.72,4.79,3.2,6.04,1.7,0.67,1.18,3.4,73.36,3504,揚明光,2020
17.21,0.6,0.59,0.23,27.83,0.85,0.47,16.82,111.6,111.4,7.69,46.4,85.54,142.5,205.6,3.89,-9.38,6.16,4.22,5.57,2.14,0.8,1.43,-1.27,86.57,3504,揚明光,2021
17.28,0.38,1.42,0.57,28.95,2.04,1.15,2.65,-34.04,146.1,-6.29,40.49,93.51,140.7,196.3,5.29,44.71,5.92,4.32,4.97,2.33,0.81,1.44,5.84,68.04,3504,揚明光,2022
10.52,-10.35,-9.56,-2.52,26.26,-9.12,-5.6,-35.72,-1830.0,-533.5,-15.26,36.48,84.85,132.3,173.6,-12.81,22.97,4.64,3.57,4.75,1.56,0.59,0.95,2.54,57.43,3504,揚明光,2023
11.73,-10.37,-9.63,-2.17,24.63,-8.53,-5.41,-14.56,14.4,13.9,-5.95,36.66,106.9,169.6,221.9,-16.2,14.89,4.3,3.24,5.34,1.43,0.56,0.89,1.24,57.88,3504,揚明光,2024
35.5,25.55,23.31,22.75,52.16,56.74,38.48,85.25,148.9,157.3,89.95,32.08,131.9,203.0,263.0,4436.0,93.49,7.66,3.66,7.44,9.54,1.65,2.43,22.73,47.23,3622,洋華,2009
28.1,19.42,15.39,19.76,74.96,30.49,20.96,36.27,3.59,-10.06,52.1,30.71,156.3,213.9,273.0,7152.0,76.12,7.14,3.38,7.14,8.75,1.36,1.98,25.85,44.32,3622,洋華,2010
10.87,2.57,2.56,2.81,70.25,3.98,2.85,-4.99,-87.42,-84.2,-7.55,25.78,110.3,172.8,241.0,2884.0,21.2,6.84,3.7,8.2,4.57,1.11,1.56,5.01,34.73,3622,洋華,2011
8.93,-0.72,-2.72,-2.35,66.03,-3.46,-2.52,-20.68,-122.1,-184.2,-1.49,28.85,72.88,145.2,178.1,-153.8,28.05,5.34,3.42,9.04,2.47,0.93,1.28,7.35,40.54,3622,洋華,2012
6.81,-7.83,-19.78,-10.76,55.8,-17.75,-13.49,-36.88,-589.4,-359.6,-27.05,17.39,145.2,199.0,244.6,-1884.0,71.09,4.57,3.1,9.68,1.57,0.68,0.9,8.0,21.06,3622,洋華,2013
-3.28,-19.83,-34.9,-11.92,44.89,-23.78,-19.4,-37.19,-59.08,-10.81,-17.37,19.63,87.91,194.5,230.5,-2820.0,2.57,5.59,3.86,13.53,1.22,0.56,0.68,0.27,24.42,3622,洋華,2014
-13.9,-31.18,-118.8,-17.36,27.8,-47.83,-38.85,-57.31,32.88,-45.31,-39.6,17.38,173.5,304.7,332.4,-10491.0,-4.09,3.41,2.54,9.9,0.85,0.33,0.4,-0.23,21.04,3622,洋華,2015
7.75,-10.12,-10.07,-1.01,26.45,-3.56,-2.97,-34.31,78.69,94.43,-6.83,15.49,157.9,372.6,400.8,,-10.63,3.92,2.32,7.69,1.08,0.3,0.35,-0.5,18.33,3622,洋華,2016
13.6,-8.17,0.74,-0.04,26.87,0.16,0.14,-38.6,50.44,104.5,-5.09,9.3,182.5,653.3,692.9,,2.3,2.92,1.74,5.54,0.77,0.19,0.22,0.07,10.25,3622,洋華,2017
13.69,-14.82,16.66,0.79,28.16,2.93,2.68,-17.38,-49.91,1768.0,3.5,8.07,162.3,798.6,839.5,312.9,-8.3,3.5,2.0,6.07,0.71,0.16,0.18,-0.19,8.77,3622,洋華,2018
15.56,-7.03,14.89,0.88,31.0,3.01,2.76,23.59,41.4,10.45,10.91,8.79,143.5,822.7,858.3,118.3,4.09,4.0,2.64,7.08,0.96,0.19,0.2,0.11,9.64,3622,洋華,2019
19.94,-1.12,21.75,1.24,30.65,4.28,3.88,1.47,83.86,48.25,0.61,10.21,99.13,779.7,835.3,51.6,33.68,3.92,2.44,4.75,1.04,0.18,0.2,0.92,11.38,3622,洋華,2020
19.43,3.73,20.46,1.85,34.56,5.95,5.26,56.43,622.4,47.12,16.22,12.82,67.7,730.8,795.8,82.39,11.22,5.79,3.75,4.45,1.67,0.26,0.29,0.39,14.71,3622,洋華,2021
26.41,12.98,28.07,2.75,36.95,7.93,7.03,6.65,270.9,46.35,3.65,10.02,147.4,1110.0,1178.0,129.7,119.9,5.95,3.67,4.03,1.78,0.25,0.28,2.94,11.13,3622,洋華,2022
36.5,21.75,37.19,3.75,43.31,9.92,8.9,6.04,77.67,40.49,17.96,10.43,110.8,1024.0,1077.0,226.7,74.63,4.81,3.15,4.33,1.91,0.24,0.27,2.38,11.64,3622,洋華,2023
45.89,29.76,48.81,4.76,47.36,11.09,9.99,-3.76,31.67,26.31,8.1,9.48,174.3,1171.0,1245.0,259.9,141.5,4.55,2.3,3.12,1.83,0.2,0.23,4.21,10.47,3622,洋華,2024
14.25,2.05,3.89,1.28,20.97,5.74,4.56,3.86,-33.14,13624.0,7.26,20.67,224.4,351.4,408.8,,54.86,5.32,5.69,10.82,6.98,1.17,1.48,2.94,26.06,6197,佳必琪,2009
15.48,3.1,1.71,0.58,18.67,2.87,2.26,15.87,75.3,-48.96,-0.72,21.76,115.1,253.4,325.7,13653.0,21.41,5.53,5.97,10.44,7.62,1.32,1.67,1.1,27.8,6197,佳必琪,2010
12.23,-1.51,-1.39,-0.38,20.61,-1.93,-1.51,-10.68,-143.7,-172.4,17.52,22.29,234.4,380.4,465.1,-5.22,15.43,4.6,5.56,7.76,6.5,1.09,1.39,0.69,28.68,6197,佳必琪,2011
17.97,2.38,1.57,0.39,20.9,1.67,1.28,-17.19,229.9,193.5,4.41,24.93,213.3,339.3,425.3,8.75,34.2,3.78,4.03,5.38,6.37,0.82,1.07,1.81,33.2,6197,佳必琪,2012
18.37,4.15,3.79,0.97,21.51,4.53,3.26,13.19,97.57,174.2,10.01,30.83,116.4,210.8,272.0,22.66,11.08,3.48,3.36,4.93,8.5,0.86,1.19,1.06,44.57,6197,佳必琪,2013
21.45,5.8,6.71,1.8,22.41,8.13,5.83,3.64,44.95,83.26,-4.11,25.74,132.2,247.2,334.0,65.75,39.99,3.2,2.87,4.37,8.83,0.87,1.21,3.0,34.66,6197,佳必琪,2014
18.14,3.74,5.11,1.53,21.39,6.94,5.15,10.66,-28.75,-15.79,-5.42,25.82,135.8,250.2,326.6,79640.0,33.76,3.77,3.46,5.17,9.31,1.01,1.36,2.44,34.81,6197,佳必琪,2015
19.94,7.73,8.32,2.4,21.16,11.3,8.3,-3.51,99.78,57.34,0.98,27.34,128.0,244.0,317.9,244413.0,44.07,3.57,3.25,5.12,9.35,1.0,1.36,3.39,37.63,6197,佳必琪,2016
17.77,7.39,6.82,1.82,24.97,8.2,5.95,-16.48,-20.24,-31.58,-10.0,27.69,71.57,179.2,313.5,558.3,26.7,3.16,3.2,5.03,8.74,0.87,1.2,2.07,38.29,6197,佳必琪,2017
18.44,3.99,7.96,2.18,24.55,8.96,6.24,-15.69,-54.43,-1.55,-2.0,33.03,90.46,216.4,267.3,87.98,32.1,3.07,3.2,4.54,8.24,0.78,1.13,3.54,49.33,6197,佳必琪,2018
23.15,6.04,7.27,2.4,24.92,8.66,6.04,3.54,56.58,-5.43,-2.69,27.26,109.4,267.3,335.0,43.32,50.0,3.53,3.12,4.39,9.48,0.83,1.19,4.42,37.47,6197,佳必琪,2019
26.53,10.62,7.55,2.13,24.53,8.73,5.99,-0.75,74.48,3.0,10.86,35.26,77.8,216.6,254.6,50.69,22.32,3.53,3.14,4.55,8.89,0.79,1.16,2.81,54.47,6197,佳必琪,2020
27.22,9.28,9.96,3.06,24.72,12.47,8.36,7.94,-5.64,42.39,-6.09,30.49,80.06,212.4,283.6,116.6,33.75,3.57,2.99,4.29,8.84,0.84,1.25,3.41,43.85,6197,佳必琪,2021
25.35,8.72,10.26,3.6,25.08,14.23,9.83,12.22,5.43,15.66,3.21,31.38,97.09,215.0,267.7,160.8,51.46,3.8,2.97,4.55,10.0,0.96,1.39,5.8,45.73,6197,佳必琪,2022
28.95,12.92,13.31,5.2,27.45,19.88,13.26,14.35,69.48,48.27,16.29,34.93,57.9,196.3,236.3,61.19,42.23,3.8,2.95,5.85,11.21,1.0,1.49,5.5,53.68,6197,佳必琪,2023
33.15,17.79,16.85,8.69,36.14,28.17,17.43,36.33,87.74,72.65,44.27,40.31,79.96,238.7,274.8,36.67,76.28,4.37,2.95,7.53,9.59,1.03,1.67,12.54,67.54,6197,佳必琪,2024
21.56,9.96,10.53,5.2,28.04,17.61,10.39,-12.99,11.03,6.57,13.91,43.36,119.0,182.3,205.4,135.6,44.28,4.42,3.06,10.25,5.83,0.99,1.67,9.54,76.56,2308,台達電,2009
21.37,10.08,10.44,6.69,31.67,21.91,12.1,38.01,39.71,36.84,20.78,45.97,103.8,165.5,194.5,93.08,37.79,5.31,3.33,10.98,7.26,1.16,2.1,9.35,85.07,2308,台達電,2010
21.31,8.1,7.36,4.58,32.38,13.3,6.74,-5.15,-23.78,-33.09,19.45,52.13,98.46,156.2,189.1,49.83,26.29,4.4,2.76,7.54,5.09,0.92,1.81,7.53,108.9,2308,台達電,2011
24.51,10.07,9.25,6.13,34.56,16.65,8.45,5.72,31.47,32.77,-5.36,46.22,86.67,153.8,204.4,88.09,39.01,4.45,2.93,7.5,4.76,0.91,1.8,9.54,85.95,2308,台達電,2012
25.43,11.02,10.75,7.32,38.42,18.46,10.01,3.08,12.74,19.83,7.92,45.33,99.42,175.4,213.1,128.9,42.82,4.29,2.87,7.88,4.89,0.93,1.72,10.47,82.91,2308,台達電,2013
27.01,11.97,11.71,8.49,42.21,19.97,10.69,7.67,16.97,17.26,11.71,47.53,113.7,187.1,228.8,162.7,43.07,4.19,2.69,7.02,5.15,0.91,1.71,11.41,90.57,2308,台達電,2014
27.21,10.08,9.77,7.67,47.88,16.22,8.9,6.72,-10.17,-10.92,2.65,42.75,67.13,134.2,173.1,55.33,40.68,4.18,2.66,6.51,5.17,0.91,1.66,12.73,74.66,2308,台達電,2015
27.75,9.72,8.99,7.24,47.78,14.9,8.35,5.36,1.59,-3.13,3.91,45.13,68.39,134.0,170.3,65.62,38.02,4.15,2.6,6.21,5.2,0.93,1.66,11.9,82.25,2308,台達電,2016
27.18,8.84,8.39,7.08,47.95,14.28,7.72,4.3,-5.05,-2.61,6.56,46.61,64.3,127.9,165.5,63.82,30.23,4.14,2.63,5.73,5.27,0.92,1.7,10.39,87.29,2308,台達電,2017
26.81,7.66,7.87,7.0,50.15,13.65,7.28,6.01,-8.13,-0.58,4.55,46.76,73.94,150.2,195.1,42.55,29.36,4.15,2.7,5.33,5.22,0.92,1.73,9.11,87.82,2308,台達電,2018
27.78,7.24,8.92,8.9,53.96,15.25,8.35,13.13,6.84,28.31,18.75,43.94,51.28,122.5,172.1,40.51,48.89,4.57,2.9,5.26,4.87,0.94,1.71,16.14,78.39,2308,台達電,2019
30.86,11.12,9.69,9.81,56.17,15.52,8.46,5.4,61.92,14.45,8.16,46.91,62.44,135.5,186.0,92.2,49.83,4.59,2.64,4.64,4.28,0.87,1.6,18.03,88.37,2308,台達電,2020
28.67,9.97,9.06,10.32,59.59,15.63,8.12,11.35,-0.19,4.07,8.53,49.02,46.09,117.9,182.0,121.7,26.18,4.58,2.64,4.04,4.34,0.9,1.73,10.91,96.17,2308,台達電,2021
28.81,10.78,9.62,12.58,71.91,17.98,9.35,22.17,32.12,29.8,16.64,47.08,49.23,125.9,192.3,81.61,37.22,4.74,2.83,3.75,4.72,0.97,1.87,17.92,88.97,2308,台達電,2022
29.21,10.21,9.69,12.86,76.67,16.61,8.8,4.37,-1.18,5.11,7.48,46.97,69.36,142.6,206.2,42.55,56.38,4.68,2.82,3.64,4.35,0.91,1.71,27.38,88.58,2308,台達電,2023
32.43,11.31,9.59,13.56,88.58,15.47,8.16,4.97,16.37,3.89,16.2,47.44,77.13,144.4,204.2,34.16,47.87,4.84,2.6,3.56,3.94,0.85,1.61,28.06,90.26,2308,台達電,2024
,,5.25,0.15,14.93,1.68,0.14,-22.3,,-83.42,2.04,91.49,,,,,,0.41,,,1.37,0.03,0.32,3.98,1075.0,2891,中信金,2009
,,26.91,1.32,15.05,9.1,0.79,13.06,,479.7,3.06,91.13,,,,,,0.44,,,1.56,0.03,0.34,3.1,1027.0,2891,中信金,2010
,,30.63,1.61,14.97,11.01,0.95,13.66,,29.38,11.31,91.51,,,,,,0.46,,,1.77,0.03,0.36,-0.93,1078.0,2891,中信金,2011
,,22.64,1.66,13.71,12.51,1.03,57.5,,16.4,4.64,92.01,,,,,,0.68,,,2.58,0.05,0.55,4.54,1151.0,2891,中信金,2012
,,16.92,1.5,13.1,11.89,0.95,35.18,,1.0,14.72,92.05,,,,,,0.81,,,3.3,0.06,0.7,4.26,1157.0,2891,中信金,2013
,,19.58,2.58,15.03,18.68,1.3,58.4,,83.37,50.73,93.72,,,,,,1.11,,,4.93,0.07,0.95,4.96,1493.0,2891,中信金,2014
,,16.42,2.1,15.39,13.96,0.86,7.02,,-10.25,25.76,93.96,,,,,,1.21,,,4.0,0.05,0.85,8.0,1556.0,2891,中信金,2015
,,8.74,1.43,14.49,9.98,0.59,48.29,,-21.1,5.29,94.17,,,,,,2.14,,,5.12,0.07,1.14,-2.67,1615.0,2891,中信金,2016
,,10.64,1.91,16.2,12.34,0.73,9.41,,33.26,10.36,93.99,,,,,,2.46,,,6.18,0.07,1.16,-0.1,1564.0,2891,中信金,2017
,,11.46,1.85,15.89,11.33,0.65,-10.12,,-3.19,7.72,94.52,,,,,,1.79,,,5.9,0.06,0.99,1.46,1726.0,2891,中信金,2018
,,16.2,2.16,19.06,12.32,0.72,-15.8,,19.0,8.1,93.87,,,,,,1.36,,,5.06,0.04,0.76,-2.37,1531.0,2891,中信金,2019
,,22.04,2.15,20.26,10.9,0.67,-26.56,,-0.06,6.39,93.87,,,,,,1.05,,,3.89,0.03,0.49,9.57,1532.0,2891,中信金,2020
,,29.02,2.73,21.53,12.59,0.79,-4.29,,26.0,7.06,93.61,,,,,,0.95,,,3.77,0.03,0.43,-1.72,1465.0,2891,中信金,2021
,,23.42,1.55,18.4,7.72,0.44,-25.16,,-39.6,8.99,94.91,,,,,,0.64,,,2.83,0.02,0.33,4.69,1865.0,2891,中信金,2022
,,42.16,2.82,21.95,13.42,0.72,-1.92,,76.54,7.56,94.4,,,,,,0.57,,,2.77,0.02,0.32,-0.83,1685.0,2891,中信金,2023
,,38.73,3.64,24.05,15.04,0.86,38.68,,27.43,6.45,94.23,,,,,,0.71,,,3.82,0.02,0.39,-3.3,1632.0,2891,中信金,2024
