證券代碼,簡稱,收盤價,市值(百萬元),年份
2498,宏達電,300.5,6916.261401,2012
2454,聯發科,323.5,2803.694994,2012
2330,台積電,97.0,2483.313883,2012
3673,TPK-KY,513.0,2036.939052,2012
2317,鴻海,88.9,1951.533283,2012
3481,群創,15.6,1440.90612,2012
2412,中華電,94.5,1199.326816,2012
2474,可成,144.0,1135.800796,2012
2881,富邦金,35.1,1109.030727,2012
0050,元大台灣50,53.8,1072.073599,2012
2891,中信金,17.15,1041.965655,2012
2357,華碩,326.5,811.067725,2012
2354,鴻準,90.9,808.458967,2012
2311,日月光,25.2,791.060074,2012
1326,台化,75.0,778.807751,2012
3045,台灣大,107.0,694.041531,2012
2384,勝華,15.4,659.197075,2012
2882,國泰金,31.5,651.042008,2012
2409,友達,13.0,647.029879,2012
0061,元大寶滬深,14.71,633.246762,2012
2303,聯電,11.7,627.676761,2012
3008,大立光,778.0,627.512756,2012
2883,凱基金,7.6,625.310998,2012
2002,中鋼,27.35,607.643922,2012
4904,遠傳,74.1,607.235281,2012
3034,聯詠,117.5,582.46289,2012
2049,上銀,213.0,547.411032,2012
8078,華寶,32.35,524.61906,2012
1303,南亞,56.0,518.188009,2012
5871,中租-KY,66.6,487.943486,2012
3406,玉晶光,212.0,483.20975,2012
2823,中壽,26.2,479.402974,2012
1301,台塑,78.6,474.367082,2012
2353,宏碁,25.2,454.118114,2012
3598,奕力,91.5,404.788397,2012
2547,日勝生,24.65,402.533156,2012
2448,晶電,52.7,388.372889,2012
2915,潤泰全,72.0,348.308536,2012
6269,台郡,102.0,347.994472,2012
3576,聯合再生,19.05,346.777991,2012
2886,兆豐金,22.6,340.330034,2012
1216,統一,53.3,317.614955,2012
1314,中石化,18.0,317.018868,2012
2885,元大金,14.95,312.309078,2012
2308,台達電,106.5,310.090084,2012
6176,瑞儀,119.5,309.270092,2012
2105,正新,75.4,300.978809,2012
2609,陽明,13.9,298.332696,2012
2393,億光,38.1,293.217434,2012
3514,昱晶,27.2,287.447664,2012
2347,聯強,53.5,284.22407,2012
2903,遠百,30.15,265.25058,2012
1402,遠東新,33.1,264.238779,2012
6505,台塑化,86.0,264.228962,2012
2887,台新新光金,11.55,254.838043,2012
2382,廣達,68.3,253.364934,2012
3060,銘異,88.5,249.468534,2012
3697,F-晨星,218.0,249.406778,2012
2324,仁寶,19.55,244.3363,2012
2458,義隆,46.75,238.808655,2012
4938,和碩,37.55,236.136122,2012
2439,美律,40.5,234.355289,2012
1722,台肥,75.8,228.316688,2012
1789,神隆,69.8,224.258981,2012
2385,群光,67.1,214.924917,2012
1227,佳格,79.5,209.890317,2012
1440,南紡,14.65,208.776313,2012
4958,臻鼎-KY,71.5,207.821535,2012
9945,潤泰新,59.8,203.9292,2012
2890,永豐金,12.45,199.606018,2012
8081,致新,111.5,195.479556,2012
2704,國賓,31.55,192.420383,2012
2449,京元電子,18.5,191.127677,2012
1476,儒鴻,106.5,188.734554,2012
1101,台泥,38.9,186.591056,2012
2337,旺宏,8.67,184.837947,2012
9904,寶成,30.5,184.296041,2012
2892,第一金,17.7,175.273127,2012
3189,景碩,91.1,172.65903,2012
1907,永豐餘,14.05,171.81413,2012
2548,華固,70.8,170.233851,2012
3450,聯鈞,49.75,170.109745,2012
2227,裕日車,225.0,167.5068,2012
2395,研華,122.5,166.274286,2012
2603,長榮,17.35,163.307072,2012
2325,矽品,31.0,162.904907,2012
3519,綠能,24.65,162.899924,2012
6239,力成,46.95,162.421034,2012
2201,裕隆,55.0,160.113555,2012
5880,合庫金,16.35,160.109196,2012
2801,彰銀,15.95,159.50663,2012
3149,正達,75.9,159.360165,2012
2388,威盛,23.1,158.599024,2012
3017,奇鋐,15.5,158.154272,2012
2888,新光金,8.19,156.481319,2012
2880,華南金,16.8,154.348991,2012
2323,中環,4.89,147.907408,2012
9939,宏全,63.6,147.195417,2012
2912,統一超,155.5,146.21355,2012
1466,聚隆,20.8,145.181061,2012
3231,緯創,30.1,142.405065,2012
2707,晶華,389.5,141.91246,2012
5388,中磊,42.3,140.685988,2012
2723,美食-KY,190.0,138.694408,2012
3443,創意,100.5,137.5874,2012
3419,譁裕,21.0,136.916408,2012
3584,介面,24.6,134.233313,2012
5534,長虹,84.7,133.972483,2012
4960,誠美材,31.65,131.409849,2012
8011,台通,40.1,130.754466,2012
2207,和泰車,233.0,129.340265,2012
2402,毅嘉,14.8,128.665372,2012
5305,敦南,15.4,127.218221,2012
2809,京城銀,21.75,125.405652,2012
4942,嘉彰,40.1,123.663237,2012
1102,亞泥,37.35,119.648425,2012
2301,光寶科,38.55,119.613912,2012
2497,怡利電,27.65,118.64964,2012
4108,懷特,49.9,117.382256,2012
2608,嘉里大榮,49.0,113.771849,2012
3035,智原,38.35,113.670967,2012
8163,達方,19.2,113.222881,2012
1504,東元,22.25,112.702811,2012
2392,正崴,62.5,111.057966,2012
2618,長榮航,17.0,109.588799,2012
2314,台揚,14.55,108.969323,2012
3042,晶技,47.8,108.457957,2012
3561,昇陽光電,19.45,108.101194,2012
2059,川湖,184.0,107.213478,2012
2610,華航,12.0,105.98804,2012
1304,台聚,23.25,105.645428,2012
5522,遠雄,52.1,104.584747,2012
2313,華通,12.5,101.566973,2012
1608,華榮,12.5,100.606089,2012
3044,健鼎,62.3,100.589296,2012
9914,美利達,130.0,99.803078,2012
4164,承業醫,119.5,99.09012,2012
3504,揚明光,83.1,99.017759,2012
2884,玉山金,16.25,98.908322,2012
2637,慧洋-KY,41.75,98.252965,2012
3702,大聯大,38.0,97.023304,2012
9933,中鼎,57.4,96.950509,2012
2379,瑞昱,61.3,96.480507,2012
3005,神基,15.75,96.263299,2012
3037,欣興,30.8,95.017249,2012
1312,國喬,15.3,94.540195,2012
4906,正文,35.0,94.23191,2012
6257,矽格,25.9,93.925496,2012
3013,晟銘電,28.4,93.07705,2012
2538,基泰,20.1,88.319263,2012
2837,萬泰銀,9.86,85.495613,2012
1447,力鵬,10.25,84.811465,2012
1217,愛之味,10.5,84.073703,2012
9921,巨大,166.5,83.270704,2012
1409,新纖,9.71,82.640505,2012
6209,今國光,31.9,82.554396,2012
3545,敦泰,38.8,82.179992,2012
4930,燦星網,11.7,81.556882,2012
2515,中工,8.04,81.15351,2012
3686,達能,14.0,81.070648,2012
4144,康聯-KY,77.3,78.42786,2012
1605,華新,9.92,78.195257,2012
8101,華冠,15.95,77.366105,2012
2505,國揚,16.35,77.090793,2012
3030,德律,54.4,76.719616,2012
6285,啟碁,48.95,76.200905,2012
1707,葡萄王,79.7,75.712631,2012
8213,志超,42.6,75.592267,2012
2514,龍邦,29.1,74.794863,2012
2499,東貝,27.5,74.730724,2012
1444,力麗,11.5,74.704296,2012
2103,台橡,59.0,74.272352,2012
6153,嘉聯益,39.05,72.62535,2012
2481,強茂,11.5,72.109362,2012
8016,矽創,38.75,72.060947,2012
2607,榮運,20.15,71.145038,2012
1718,中纖,11.3,70.514978,2012
0056,元大高股息,22.78,70.319295,2012
3376,新日興,89.5,69.817789,2012
2017,官田鋼,7.68,69.022389,2012
3622,洋華,59.2,68.540898,2012
1477,聚陽,90.4,68.230802,2012
1507,永大,53.5,67.538168,2012
2104,國際中橡,32.6,67.518993,2012
8008,建興電,24.95,66.689385,2012
2006,東和鋼鐵,29.7,66.654624,2012
2106,建大,37.55,66.555838,2012
2601,益航,26.4,66.424782,2012
2705,六福,16.35,66.034043,2012
2349,錸德,3.97,65.945038,2012
8271,宇瞻,25.9,63.758562,2012
1734,杏輝,32.4,63.687318,2012
6271,同欣電,101.5,61.37566,2012
3041,揚智,33.3,59.776504,2012
4725,信昌化,40.1,59.499875,2012
1305,華夏,15.35,59.197892,2012
1201,味全,36.15,58.899112,2012
1234,黑松,38.55,58.661588,2012
6278,台表科,44.1,57.98139,2012
2101,南港,35.45,57.477125,2012
9943,好樂迪,41.5,57.326034,2012
5434,崇越,47.9,56.96601,2012
8039,台虹,36.5,55.996867,2012
4133,亞諾法,53.0,55.395111,2012
2889,國票金,9.98,54.944432,2012
2022,聚亨,5.71,54.884236,2012
4919,新唐,31.8,53.85981,2012
6282,康舒,20.55,53.719755,2012
3454,晶睿,90.0,53.59001,2012
2545,皇翔,73.9,53.484592,2012
2014,中鴻,9.45,53.234902,2012
1710,東聯,34.8,53.10487,2012
2511,太子,20.7,53.012823,2012
2457,飛宏,24.75,52.353929,2012
1802,台玻,30.0,52.27287,2012
2455,全新,35.6,52.129813,2012
3533,嘉澤,89.7,51.528449,2012
2520,冠德,21.2,51.247765,2012
2834,臺企銀,8.74,51.202098,2012
2867,三商壽,17.95,50.96439,2012
5225,東科-KY,64.5,50.8787,2012
3698,隆達,23.7,50.279912,2012
3061,璨圓,20.4,50.209813,2012
5706,鳳凰,65.7,50.180569,2012
2376,技嘉,26.0,50.168643,2012
2352,佳世達,7.3,49.452949,2012
1704,榮化,36.0,48.549388,2012
2327,國巨*,9.22,47.62628,2012
1463,強盛新,12.0,47.4012,2012
4915,致伸,25.65,47.096219,2012
8422,可寧衛*,191.5,46.841974,2012
2542,興富發,54.6,46.75942,2012
2847,大眾銀,10.0,46.660871,2012
6286,立錡,169.5,46.310303,2012
2371,大同,7.33,46.07004,2012
2344,華邦電,5.05,45.858585,2012
2845,遠東銀,11.65,45.821477,2012
3579,尚志,26.3,45.271582,2012
1711,永光,21.65,45.092876,2012
2913,農林,15.8,44.662445,2012
2489,瑞軒,22.6,44.656692,2012
6214,精誠,32.95,43.783,2012
2107,厚生,20.85,43.206853,2012
3043,科風,15.3,42.836148,2012
5234,達興材料,51.3,42.355049,2012
3311,閎暉,50.0,42.08669,2012
2031,新光鋼,21.45,41.543342,2012
2328,廣宇,27.0,41.441582,2012
4532,瑞智,25.2,41.355462,2012
2727,王品,413.0,40.98171,2012
1308,亞聚,25.7,40.060563,2012
2390,云辰,13.6,40.047222,2012
1455,集盛,9.79,39.538413,2012
2204,中華,27.25,39.512409,2012
4935,茂林-KY,35.4,39.4226,2012
2023,燁輝,9.52,38.544926,2012
2367,燿華,10.15,38.3727,2012
2315,神達,10.4,36.921035,2012
2206,三陽工業,17.7,36.795787,2012
2342,茂矽,7.15,36.708993,2012
8429,金麗-KY,68.0,36.192815,2012
2356,英業達,11.15,35.928722,2012
2606,裕民,46.45,35.827744,2012
9925,新保,35.0,35.571558,2012
9941,裕融,65.8,34.055556,2012
5269,祥碩,70.2,33.94255,2012
1712,興農,14.1,33.898339,2012
6283,淳安,10.95,33.683521,2012
3049,精金,10.15,33.660692,2012
2406,國碩,18.45,33.258204,2012
1582,信錦,50.5,32.868518,2012
2362,藍天,35.8,32.765729,2012
3383,新世紀,20.8,32.682183,2012
1414,東和,9.38,32.433762,2012
2374,佳能,27.2,31.879241,2012
3653,健策,67.1,31.872932,2012
6192,巨路,61.4,31.4771,2012
9917,中保科,64.8,31.148114,2012
3638,F-IML,89.5,30.554761,2012
2102,泰豐,21.85,30.447478,2012
1337,再生-KY,84.0,30.27836,2012
1714,和桐,13.8,30.175124,2012
2524,京城,31.8,30.072719,2012
3596,智易,30.35,30.006581,2012
3062,建漢,24.95,29.819029,2012
2504,國產,11.2,29.23805,2012
3036,文曄,36.1,28.625242,2012
1701,中化,20.7,28.289162,2012
2464,盟立,21.5,28.266755,2012
1723,中碳,130.0,28.07766,2012
2025,千興,4.28,27.120561,2012
3704,合勤控,14.25,27.087402,2012
2383,台光電,28.75,27.060368,2012
2345,智邦,16.15,27.040962,2012
9907,統一實,16.95,26.94096,2012
2905,三商,26.6,26.835099,2012
8046,南電,35.9,26.387242,2012
1762,中化生,52.9,26.313723,2012
2355,敬鵬,31.3,26.113114,2012
2820,華票,11.2,25.930085,2012
