證券代碼,殖利率,本益比PE,股價淨值比
1101,5.71,13.94,1.38
1102,6.18,9.97,1.33
1103,5.06,28.9,0.56
1104,7.52,17.05,0.65
1108,0.0,,0.53
1109,2.65,,0.76
1110,0.99,505.0,0.7
1201,1.86,9.95,2.32
1203,2.56,31.53,1.15
1210,6.02,12.68,1.37
1213,0.0,131.43,1.61
1215,7.04,20.0,0.8
1216,4.52,22.93,2.8
1217,0.0,101.0,0.92
1218,4.63,16.73,1.24
1219,4.69,6.5,1.15
1220,0.0,11.47,0.85
1225,6.37,16.96,1.01
1227,5.43,16.97,5.11
1229,8.55,7.73,0.72
1231,3.99,11.0,1.96
1232,7.4,12.58,2.67
1233,4.45,16.82,2.92
1234,1.98,37.06,1.37
1235,1.32,119.74,1.41
1236,6.25,17.5,1.64
1301,8.42,10.47,2.0
1303,7.82,13.94,1.76
1304,10.27,6.16,1.52
1305,0.0,34.38,0.76
1307,10.05,10.48,1.37
1308,13.01,6.2,1.32
1309,15.25,6.03,0.8
1310,0.0,,0.83
1312,7.69,6.57,0.88
1313,12.77,9.39,0.92
1314,7.42,4.21,1.39
1315,3.62,19.71,1.01
1316,0.0,,1.5
1319,3.38,18.06,1.22
1321,0.0,,1.82
1323,8.65,8.81,1.15
1324,3.64,10.89,0.79
1325,5.41,12.85,1.12
1326,9.39,9.43,1.79
1337,0.0,8.47,1.62
1402,6.54,12.0,1.71
1409,11.19,8.46,0.63
1410,0.99,13.88,1.14
1413,0.0,20.83,0.59
1414,0.0,1.9,0.86
1416,4.76,11.67,0.76
1417,0.0,13.61,0.72
1418,0.0,47.0,0.77
1419,2.15,50.0,1.78
1423,0.0,17.95,0.52
1432,0.0,1.57,0.38
1434,7.13,20.78,0.93
1435,0.0,,0.48
1436,1.41,,1.27
1437,1.09,,0.78
1438,0.0,0.31,0.37
1439,48.78,,0.87
1440,10.78,15.94,0.69
1441,0.0,2.71,0.88
1442,8.7,8.07,1.76
1443,0.0,13.33,0.37
1444,18.63,5.49,0.78
1445,7.04,12.24,0.51
1446,0.0,6.51,0.87
1447,6.25,6.67,0.64
1449,0.0,,1.7
1451,6.23,8.68,0.84
1452,13.65,7.58,0.58
1453,5.88,212.5,0.77
1454,0.0,5.37,0.59
1455,11.01,5.34,0.79
1456,0.0,,1.77
1457,6.3,,0.65
1459,15.76,5.95,0.87
1460,0.0,,0.85
1463,0.0,,0.81
1464,1.61,103.33,1.18
1465,16.73,10.44,0.67
1466,4.31,4.42,0.96
1467,0.0,11.48,0.72
1468,0.0,,1.46
1469,0.0,101.11,0.74
1470,1.47,19.43,1.31
1471,0.0,,0.69
1472,0.0,11.61,0.79
1473,6.83,9.62,1.22
1474,6.9,8.3,0.55
1475,0.0,,0.54
1476,5.66,9.89,2.35
1477,6.5,12.43,2.75
1503,3.75,13.85,1.05
1504,4.48,11.98,0.92
1506,0.0,,1.85
1507,4.39,12.74,1.74
1512,7.04,54.62,0.62
1513,6.51,12.48,1.0
1514,4.14,15.74,0.62
1515,0.0,,0.56
1516,0.0,,0.98
1517,6.51,8.81,0.81
1519,7.72,13.49,1.12
1521,7.08,13.17,2.86
1522,2.54,51.3,0.71
1524,0.0,,0.54
1525,5.13,9.56,1.18
1526,0.0,10.5,0.81
1527,0.0,21.96,1.19
1528,5.57,9.16,0.91
1529,0.0,,0.79
1530,5.64,10.73,1.21
1531,9.14,6.99,0.85
1532,10.5,8.21,0.76
1533,0.0,101.25,0.87
1535,5.97,11.07,2.67
1536,0.0,10.66,0.87
1537,10.07,8.61,1.63
1538,0.0,,1.99
1539,0.0,,0.59
1540,7.51,16.17,1.14
1541,0.0,,0.71
1560,4.55,10.84,1.31
1582,10.74,9.97,1.16
1583,3.84,9.51,1.63
1590,3.47,14.96,3.59
1603,0.0,17.18,0.59
1604,0.95,8.3,0.61
1605,4.59,15.03,0.49
1608,4.81,51.93,0.63
1609,5.89,7.35,0.6
1611,6.94,13.09,1.23
1612,6.69,13.39,0.57
1613,0.0,2.29,0.55
1614,3.28,22.02,1.61
1615,15.74,7.11,0.85
1616,0.0,,0.4
1617,3.4,130.56,0.96
1618,6.75,9.07,0.43
1701,4.11,14.57,1.1
1702,6.09,18.85,1.86
1704,7.68,11.07,1.69
1707,6.78,9.81,2.29
1708,4.7,11.47,1.49
1709,6.05,11.15,1.37
1710,6.32,10.16,2.03
1711,10.03,13.87,1.14
1712,6.64,12.05,0.9
1713,3.75,26.67,0.66
1714,8.05,8.98,1.16
1715,12.61,17.25,0.71
1717,8.49,18.84,1.31
1718,0.0,19.52,0.72
1720,5.22,20.35,1.4
1721,0.0,,0.71
1722,3.12,20.38,1.37
1723,6.23,12.06,4.71
1724,1.05,7.8,1.67
1725,8.96,10.88,1.47
1726,5.83,11.19,1.09
1727,8.33,12.43,1.33
1729,0.0,1942.5,2.27
1730,6.06,10.65,1.2
1731,4.07,22.1,0.87
1732,3.56,30.54,1.24
1733,6.95,12.23,3.6
1734,2.68,45.0,1.74
1735,4.59,45.42,0.84
1736,1.21,16.06,2.31
1737,2.93,28.08,0.86
1762,3.86,21.4,2.65
1773,11.96,7.91,1.44
1789,0.23,26.24,3.3
1802,5.13,16.6,1.49
1805,0.0,22.77,1.42
1806,9.4,2.61,0.66
1808,5.05,7.26,1.84
1809,4.0,10.25,0.73
1810,0.0,37.32,0.48
1902,13.41,9.04,0.58
1903,0.0,,2.62
1904,9.35,9.91,0.65
1905,14.21,28.59,0.68
1906,0.0,17.97,0.57
1907,5.79,7.86,0.79
1909,8.35,10.9,0.57
2002,8.65,17.67,1.53
2006,4.51,9.11,1.2
2007,9.35,38.91,0.42
2008,0.0,,1.4
2009,13.37,12.86,0.76
2010,11.16,11.89,0.71
2012,0.0,13.35,0.74
2013,5.61,8.63,1.03
2014,11.36,,0.86
2015,5.69,9.6,1.73
2017,0.0,10.81,0.51
2020,12.12,25.38,0.97
2022,0.0,13.49,0.47
2023,8.03,41.5,0.61
2024,0.0,4.74,0.58
2025,0.0,,0.53
2027,0.0,12.69,0.94
2028,0.0,18.11,0.6
2029,1.86,17.9,0.76
2030,0.0,33.55,0.75
2031,11.24,11.71,0.84
2032,6.1,23.43,0.77
2033,8.84,10.28,0.76
2034,7.47,14.46,0.91
2038,2.27,8.98,0.72
2049,1.34,17.17,6.99
2059,3.82,17.52,3.58
2062,12.11,12.35,1.11
2101,2.51,21.62,2.98
2102,3.6,10.61,0.65
2103,6.06,9.07,3.32
2104,5.61,12.61,0.97
2105,6.11,18.88,3.21
2106,7.28,7.01,1.59
2107,14.4,5.69,1.02
2108,6.42,8.62,1.49
2109,0.0,,0.53
2114,5.55,7.72,2.16
2201,1.92,20.8,1.27
2204,3.64,11.04,0.9
2206,4.26,9.85,0.99
2207,4.12,12.66,3.04
2208,7.76,8.89,1.26
2227,4.32,11.73,2.06
2231,11.03,13.63,2.11
2301,8.56,9.94,1.17
2302,5.79,,0.34
2303,8.74,10.33,0.79
2305,0.0,21.24,0.62
2308,7.22,14.52,2.28
2311,6.95,10.97,1.77
2312,1.59,78.75,0.49
2313,0.0,11.08,0.73
2314,0.0,,0.94
2315,1.62,,0.48
2316,0.0,8.83,0.65
2317,2.41,13.03,1.63
2321,0.0,,0.72
2323,0.0,,0.41
2324,8.94,9.93,1.27
2325,5.98,17.71,1.45
2327,1.28,7.4,0.5
2328,1.71,,1.26
2329,0.0,,0.72
2330,3.94,13.71,3.28
2331,0.0,,0.35
2332,6.45,11.69,0.93
2337,14.05,13.44,1.0
2338,6.55,17.15,0.81
2340,8.85,10.56,0.85
2342,0.0,,0.6
2344,0.0,42.0,0.42
2345,12.87,10.58,1.07
2347,3.08,16.58,2.81
2348,0.0,10.25,5.39
2349,0.0,,0.44
2351,9.92,10.43,0.84
2352,11.22,,0.52
2353,10.4,,1.23
2354,1.55,13.38,2.17
2355,6.39,8.85,0.72
2356,9.01,20.18,0.97
2357,7.52,10.32,1.47
2358,0.0,,0.82
2359,3.02,47.38,0.49
2360,7.07,13.66,2.96
2361,0.0,,0.78
2362,2.09,23.95,3.87
2363,1.47,,0.85
2364,0.0,,0.72
2365,2.18,23.4,0.79
2367,1.24,9.92,0.64
2368,2.17,,0.43
2369,9.31,9.63,0.8
2371,0.0,,0.61
2373,4.29,14.76,2.55
2374,11.54,10.36,1.23
2375,0.0,,0.42
2376,11.79,7.65,0.66
2377,4.03,,0.53
2379,5.86,16.55,1.28
2380,3.7,38.57,0.58
2382,5.65,12.97,2.23
2383,10.53,5.68,1.03
2384,4.79,19.72,0.93
2385,8.76,7.12,1.85
2387,8.51,13.71,0.87
2388,0.0,,1.88
2390,0.0,,0.64
2392,4.36,12.06,1.31
2393,6.83,15.5,1.45
2395,4.18,13.05,3.12
2397,4.82,13.91,0.9
2399,8.73,7.5,0.92
2401,8.02,,0.56
2402,0.0,,1.08
2404,15.54,6.23,1.36
2405,0.0,,0.43
2406,15.34,12.07,0.92
2408,0.0,,2.41
2409,3.08,,0.51
2412,5.52,16.26,2.16
2413,6.44,,0.47
2414,9.89,8.04,0.89
2415,0.0,50.53,0.71
2417,13.28,6.82,1.14
2419,10.35,9.19,0.93
2420,8.91,8.9,1.34
2421,7.58,15.35,1.75
2423,6.53,7.51,1.22
2424,0.0,7.31,1.27
2425,0.0,,1.58
2426,4.52,,0.9
2427,0.0,41.73,0.97
2428,9.13,7.74,1.08
2429,0.0,,0.41
2430,6.97,10.22,2.43
2431,10.52,,0.49
2433,6.36,7.34,1.4
2434,0.0,,0.4
2436,5.47,33.41,1.32
2437,16.9,6.87,0.88
2438,0.0,,0.55
2439,11.23,22.27,1.26
2440,0.0,,0.56
2441,8.33,14.04,1.25
2442,18.57,,0.63
2443,0.0,,0.35
2444,0.0,,0.87
2448,6.97,24.36,1.22
2449,10.89,17.12,0.61
2450,4.28,18.23,4.95
2451,3.79,13.82,1.87
2453,0.0,19.94,0.62
2454,7.21,21.9,3.17
2455,6.06,14.73,2.19
2456,9.49,10.54,0.73
2457,10.86,6.5,1.5
2458,6.27,27.28,1.88
2459,9.84,7.28,0.86
2460,8.33,10.99,0.84
2461,2.03,,0.54
2462,8.16,8.54,1.35
2464,11.59,8.96,1.34
2465,0.0,,0.68
2466,0.0,240.91,2.26
2467,12.14,6.11,0.99
2468,7.05,15.28,0.65
2471,8.22,14.46,0.96
2472,4.33,8.55,0.8
2473,4.05,13.78,1.46
2474,2.62,10.6,1.98
2475,0.0,,0.22
2476,8.03,10.6,0.81
2477,7.55,,0.8
2478,10.2,13.37,0.89
2480,7.92,11.86,1.18
2481,8.25,11.37,0.64
2482,0.0,20.0,0.72
2483,7.26,,0.57
2484,2.51,,0.56
2485,7.6,11.67,1.58
2486,8.93,,0.73
2488,12.59,22.16,0.53
2489,13.04,9.81,0.91
2491,0.0,,0.25
2492,6.32,,0.36
2493,7.44,5.87,1.09
2495,9.28,16.12,1.63
2496,0.0,,2.07
2497,0.0,14.62,2.06
2498,7.55,6.51,4.72
2499,5.18,,1.43
2501,4.83,54.47,0.9
2504,3.83,17.42,0.71
2505,0.0,,0.85
2506,0.0,3.24,0.64
2509,11.43,4.53,0.79
2511,11.11,8.22,1.21
2514,5.63,6.26,1.23
2515,1.64,28.36,0.61
2516,9.33,5.28,0.63
2520,6.9,7.36,0.75
2524,5.57,6.48,0.94
2527,3.54,5.59,0.57
2528,0.0,,1.21
2530,14.29,7.0,0.76
2534,11.28,266.0,0.78
2535,9.41,6.85,1.18
2536,10.0,10.42,0.68
2537,0.0,3.23,0.44
2538,8.0,5.95,0.82
2539,6.75,8.19,1.53
2540,0.0,,1.09
2542,14.02,4.4,1.7
2543,0.0,7.78,0.7
2545,3.27,11.17,1.99
2546,20.36,7.39,0.79
2547,14.22,3.96,0.85
2548,10.08,4.96,1.47
2597,7.66,,1.19
2601,2.83,11.97,1.34
2603,13.07,14.17,0.81
2605,9.84,8.01,1.06
2606,11.15,12.39,1.5
2607,4.95,20.51,0.74
2608,2.25,21.45,2.17
2609,18.6,,1.03
2610,3.03,66.0,1.09
2611,0.75,,1.01
2612,7.79,9.26,1.09
2613,0.0,13.27,0.51
2614,0.0,,0.46
2615,10.65,24.02,1.09
2616,8.53,8.94,0.92
2617,7.0,12.53,1.41
2618,10.42,24.3,1.55
2637,3.9,7.94,2.17
2701,4.67,25.2,0.79
2702,3.86,22.11,1.74
2704,1.28,29.16,1.4
2705,0.0,8.17,1.24
2706,4.74,27.94,1.05
2707,2.41,32.8,11.69
2723,1.97,27.32,4.92
2801,7.17,10.03,1.18
2809,0.0,7.58,1.2
2812,1.95,20.28,0.94
2816,0.0,,1.77
2820,7.79,9.9,0.76
2823,6.73,12.01,1.63
2832,9.52,6.52,1.3
2833,8.55,7.22,2.05
2834,4.82,15.05,0.95
2836,1.9,,0.69
2837,0.0,,0.83
2838,0.0,8.92,0.75
2841,7.71,8.75,1.19
2845,6.76,9.38,0.98
2847,0.0,8.72,0.6
2849,4.01,6.73,1.05
2850,10.0,10.27,0.88
2851,8.0,21.55,1.0
2852,15.75,11.44,1.01
2855,7.48,19.59,0.9
2856,7.27,17.31,0.74
2880,5.5,18.17,1.32
2881,4.68,9.08,1.24
2882,2.45,28.19,1.93
2883,8.05,19.93,0.82
2884,6.9,11.65,0.9
2885,5.95,9.6,1.2
2886,5.45,12.95,1.14
2887,8.86,4.04,0.4
2888,0.0,9.43,0.89
2889,8.81,8.35,0.78
2890,6.29,12.81,0.75
2891,7.67,11.45,1.2
2892,5.07,15.57,1.06
2901,0.95,91.5,2.41
2903,4.48,18.21,1.81
2904,6.27,4.27,1.19
2905,4.1,10.18,2.47
2906,4.96,7.96,0.96
2908,3.17,17.05,1.57
2910,2.71,47.58,3.15
2911,4.58,19.62,1.77
2912,2.97,27.41,8.64
2913,1.43,31.67,0.75
2915,2.63,33.45,4.51
3002,6.39,67.07,0.77
3003,4.77,12.77,1.08
3004,0.0,5.93,1.26
3005,2.83,16.65,0.68
3006,4.08,,1.17
3008,2.39,14.74,4.07
3010,9.72,7.33,1.1
3011,0.0,166.4,0.58
3013,3.83,,1.89
3014,6.38,26.11,0.78
3015,10.96,10.02,1.04
3016,4.51,22.17,1.09
3017,11.54,9.15,0.91
3018,3.67,10.19,0.96
3019,0.0,,0.49
3021,0.0,5.11,0.39
3022,7.75,6.83,1.54
3023,8.9,9.05,1.09
3024,1.25,,0.7
3025,8.71,,0.68
3026,8.86,10.38,0.92
3027,0.99,,0.67
3028,8.42,7.36,0.94
3029,4.67,26.32,1.08
3030,10.68,6.31,1.4
3031,4.32,27.24,1.45
3032,14.47,23.03,0.5
3033,10.67,7.35,1.27
3034,7.64,12.09,2.13
3035,5.2,70.37,1.85
3036,10.2,7.41,1.34
3037,7.3,10.06,1.23
3038,0.0,,0.56
3040,3.1,46.07,0.85
3041,8.65,13.31,1.72
3042,7.78,9.75,1.52
3043,12.46,41.29,0.82
3044,6.03,8.2,1.69
3045,4.41,24.21,7.08
3046,0.0,15.55,0.75
3047,3.1,,1.03
3048,8.55,13.43,0.63
3049,0.0,,1.33
3050,3.97,8.1,0.39
3051,0.0,,1.76
3052,12.36,14.45,0.74
3054,11.62,58.5,1.17
3055,15.15,16.71,0.65
3056,0.0,7.28,1.61
3057,0.0,,1.46
3058,12.08,27.3,0.65
3059,8.8,8.64,0.83
3060,7.56,10.23,2.05
3061,7.8,910.0,0.61
3062,2.64,13.32,1.63
3080,13.61,15.0,0.52
3090,9.96,10.4,1.53
3094,6.85,31.47,1.2
3130,7.11,11.42,2.39
3149,0.36,16.28,2.48
3164,5.63,25.54,2.85
3189,3.73,12.99,1.7
3209,14.67,8.7,1.41
3229,5.48,31.74,0.6
3231,9.65,8.16,1.34
3257,10.0,9.17,1.2
3296,4.52,,1.37
3305,7.02,8.04,1.08
3308,0.0,,0.51
3311,9.11,9.54,2.05
3312,4.61,12.69,0.69
3315,12.02,11.62,0.87
3356,5.53,15.52,4.51
3376,5.13,18.57,1.21
3380,6.94,13.67,1.13
3383,5.88,16.63,1.66
3406,0.72,15.71,2.92
3419,0.0,,0.71
3432,4.83,,0.41
3443,3.01,23.69,4.16
3450,9.98,7.73,1.88
3454,3.47,11.97,3.08
3474,0.0,,0.6
3481,0.0,,0.38
3494,2.77,57.67,1.21
3501,12.01,8.06,0.85
3504,5.77,13.29,1.89
3514,19.91,15.12,0.72
3515,9.18,8.94,1.82
3518,8.56,51.23,0.61
3519,8.74,29.91,0.65
3532,1.29,81.32,1.28
3533,9.52,8.75,1.25
3535,16.0,14.49,0.6
3536,0.0,,0.74
3545,9.91,22.01,1.52
3550,22.22,93.75,0.43
3557,0.0,,0.41
3559,11.47,7.12,0.94
3561,11.86,,0.81
3573,15.83,10.78,0.81
3576,26.88,,0.5
3579,9.54,13.51,0.51
3584,2.03,90.12,1.25
3588,9.2,12.29,1.91
3591,7.75,24.31,1.72
3593,9.71,30.29,0.58
3596,6.04,7.66,0.97
3598,4.66,15.12,2.09
3605,7.04,9.03,1.67
3607,11.57,10.82,0.71
3617,6.72,12.81,1.38
3622,8.97,11.52,0.9
3638,0.0,13.17,1.99
3645,3.0,14.65,1.94
3653,7.4,15.79,1.87
3665,14.77,3.82,0.65
3669,12.07,7.27,1.03
3673,0.13,7.79,3.36
3679,4.24,8.75,1.24
3686,7.32,21.86,0.61
3694,6.54,74.03,1.26
3697,7.01,13.64,2.7
3698,7.37,48.45,0.98
3701,0.0,,0.4
3702,6.02,10.77,1.52
3703,5.48,10.33,0.56
3704,3.84,5.02,0.81
3705,4.42,17.47,1.91
4104,4.05,17.97,1.23
4106,6.8,13.09,1.81
4108,0.0,,2.36
4119,6.71,14.81,2.11
4133,4.49,23.92,2.13
4144,13.86,16.72,6.11
4306,4.89,10.7,1.18
4414,0.0,6.53,0.93
4426,9.9,10.31,0.71
4526,8.4,9.44,1.1
4532,3.81,13.72,1.61
4725,12.48,5.35,2.2
4733,3.99,12.54,1.33
4737,3.46,24.06,3.71
4746,5.38,19.2,2.39
4904,4.39,21.31,2.66
4906,4.26,340.0,0.77
4919,14.25,9.19,1.58
4930,6.37,30.4,0.74
4934,12.11,,0.46
4935,0.0,19.49,1.01
4938,4.4,173.42,0.81
4942,6.84,8.76,0.85
4952,15.22,7.77,1.26
4956,2.98,9.55,1.65
4958,0.0,49.25,
4960,7.35,6.02,1.4
4984,2.44,14.01,1.59
5007,10.27,11.75,2.59
5203,11.06,8.93,1.28
5215,7.89,5.97,1.25
5305,5.81,12.96,0.73
5388,4.72,11.05,1.83
5434,7.03,6.91,1.43
5469,3.25,13.93,0.51
5471,11.48,10.05,1.91
5484,0.0,48.1,0.83
5515,11.41,7.69,0.94
5522,12.63,7.31,1.22
5525,8.63,16.55,1.01
5531,6.7,11.31,1.49
5533,8.43,6.14,0.87
5534,12.55,6.6,1.46
5607,0.0,371.25,0.96
5608,12.05,10.38,1.19
5706,7.92,16.22,3.32
5871,4.33,9.32,1.35
5880,4.4,15.96,
5906,3.33,10.6,0.87
6005,4.31,21.33,0.87
6108,10.93,6.8,0.93
6112,6.91,9.64,1.0
6115,9.75,8.89,1.41
6116,0.0,,0.26
6117,2.29,14.89,0.57
6119,0.0,13.45,1.21
6120,10.0,18.22,0.53
6128,12.2,9.01,1.45
6131,3.29,62.25,0.87
6133,0.0,,0.56
6136,12.78,11.57,0.87
6139,11.3,8.27,0.79
6141,6.62,11.02,0.79
6142,8.41,12.42,0.61
6145,0.0,,0.96
6152,7.78,8.22,1.28
6153,5.12,10.92,1.8
6155,7.1,20.37,1.13
6164,5.97,35.98,1.2
6165,0.0,,0.39
6166,13.05,9.34,1.76
6168,5.92,120.71,0.93
6172,0.0,,0.6
6176,4.74,9.02,2.11
6183,5.89,16.18,1.39
6184,7.47,12.76,2.4
6189,11.05,9.84,1.1
6191,7.27,7.07,0.57
6192,5.77,9.43,2.21
6196,5.28,6.51,0.74
6197,0.0,,1.34
6201,7.87,11.44,0.92
6202,11.92,11.0,1.68
6205,3.81,20.45,0.98
6206,7.87,10.09,2.2
6209,3.18,15.27,1.27
6213,9.36,7.2,1.34
6214,6.45,19.75,0.65
6215,14.69,16.12,1.11
6216,7.52,12.17,1.06
6224,7.48,9.96,2.3
6225,0.0,,0.62
6226,2.45,,0.72
6230,9.77,9.38,1.0
6235,0.0,,0.83
6239,7.8,7.46,1.43
6243,10.82,217.86,0.9
6251,9.35,23.78,0.57
6257,11.68,8.84,1.02
6269,2.16,15.69,3.37
6271,5.46,13.51,1.53
6277,8.09,10.63,2.15
6278,6.37,9.84,1.62
6281,6.46,12.39,2.42
6282,7.9,18.08,1.17
6283,0.0,,0.42
6285,8.08,7.7,1.59
6286,7.97,11.51,3.41
6289,0.0,,0.5
6505,4.16,23.1,3.9
6605,6.9,,1.32
6702,2.74,10.03,1.53
8008,9.64,7.66,1.0
8011,6.0,13.11,2.43
8016,7.01,12.24,1.18
8021,5.4,9.41,0.76
8033,0.0,,0.82
8039,7.06,9.41,1.29
8046,0.62,13.67,1.14
8070,17.06,9.29,1.29
8072,7.78,10.94,2.07
8078,1.1,,2.99
8081,12.82,10.12,1.6
8101,0.0,9.2,1.66
8103,11.28,7.55,1.41
8105,0.0,,0.39
8110,4.79,5.08,0.65
8112,9.93,9.48,0.8
8131,10.85,6.8,1.1
8163,9.49,41.58,0.57
8199,11.78,,0.67
8201,1.35,12.17,0.44
8210,8.88,8.43,1.88
8213,8.6,11.98,0.9
8215,0.55,,1.05
8249,12.06,18.08,0.62
8261,6.57,,0.73
8271,10.53,8.89,1.06
8374,5.39,6.29,2.03
8404,6.98,9.9,0.82
8411,1.66,9.66,1.55
8422,2.63,19.74,8.51
8427,8.24,7.51,2.1
8926,7.37,11.66,1.37
8940,3.34,22.13,1.81
9902,0.0,,0.95
9904,4.83,12.43,1.25
9905,4.97,12.91,1.53
9906,0.0,1.79,0.7
9907,9.29,21.88,1.17
9908,5.54,14.67,1.14
9910,6.87,10.56,1.64
9911,5.81,11.4,1.23
9912,0.0,19.72,0.97
9914,5.22,10.36,2.37
9917,5.7,13.4,2.69
9918,4.64,19.48,2.11
9919,4.15,19.53,0.93
9921,4.27,17.18,3.09
9924,7.14,13.02,0.82
9925,6.3,11.3,1.71
9926,5.26,18.1,2.41
9927,8.4,7.53,1.43
9928,0.0,,1.98
9929,0.0,,0.41
9930,6.35,12.51,2.31
9931,6.48,15.73,1.95
9933,5.86,11.83,2.14
9934,3.59,19.14,1.13
9937,12.9,4.57,1.98
9938,12.77,9.51,1.27
9939,5.38,11.95,1.54
9940,13.4,9.54,2.52
9941,5.47,12.55,2.4
9942,6.6,8.83,1.94
9943,3.67,8.46,1.84
9944,2.24,19.39,0.81
9945,3.09,21.6,2.81
9955,7.86,56.0,1.25
9958,2.56,86.67,0.67
