Stage,Selected_Variables_and_Thresholds
T1,M淨值報酬率─稅後(<=0.10) | 股價營收比(<=0.52) | 收盤價(元)_年(<=28.27)
T2,M淨值報酬率─稅後(<=0.10) | 市值(百萬元)(<=57276.00) | 資產報酬率ROA(<=0.29)
T3,M淨值報酬率─稅後(<=0.10) | 股價營收比(<=0.55) | 股價淨值比(<=1.24)
T4,M淨值報酬率─稅後(<=0.10) | 股價營收比(<=1.28) | 股價淨值比(<=0.60)
T5,股價營收比(<=1.74) | 利潤邊際NPM(<=0.30) | M應收帳款週轉次(<=4.45)
T6,股價淨值比(<=0.87) | M速動比率(<=42.86) | M淨值報酬率─稅後(<=0.08)
T7,股價淨值比(<=1.23) | 市值(百萬元)(<=74686.50) | M應收帳款週轉次(<=10.32)
T8,股價淨值比(<=0.91) | M淨值報酬率─稅後(<=0.13) | M淨值報酬率─稅後(<=0.08)
T9,股價淨值比(<=0.87) | M淨值報酬率─稅後(<=0.13) | M淨值報酬率─稅後(<=0.08)
T10,股價淨值比(<=0.84) | M淨值報酬率─稅後(<=0.12) | 資產報酬率ROA(<=0.11)
T11,股價淨值比(<=0.88) | M淨值報酬率─稅後(<=0.13) | 資產報酬率ROA(<=0.11)
