Stage,Train_Years,Test_Interval,Cumulative_Return_%,Annualized_Return_%,Max_Drawdown_%
T1,[np.int64(1997)],1998-2008,319.73,13.93,-45.32
T2,[np.int64(1997); np.int64(1998)],1999-2008,48.72,4.05,-50.4
T3,[np.int64(1997); np.int64(1998); np.int64(1999)],2000-2008,265.91,15.5,-48.57
T4,[np.int64(1997); np.int64(1998); np.int64(1999); np.int64(2000)],2001-2008,84.63,7.97,-50.74
T5,[np.int64(1997); np.int64(1998); np.int64(1999); np.int64(2000); np.int64(2001)],2002-2008,244.51,19.33,-60.27
T6,[np.int64(1997); np.int64(1998); np.int64(1999); np.int64(2000); np.int64(2001); np.int64(2002)],2003-2008,164.53,17.6,-45.11
T7,[np.int64(1997); np.int64(1998); np.int64(1999); np.int64(2000); np.int64(2001); np.int64(2002); np.int64(2003)],2004-2008,59.66,9.81,-41.23
T8,[np.int64(1997); np.int64(1998); np.int64(1999); np.int64(2000); np.int64(2001); np.int64(2002); np.int64(2003); np.int64(2004)],2005-2008,94.05,18.03,-45.0
T9,[np.int64(1997); np.int64(1998); np.int64(1999); np.int64(2000); np.int64(2001); np.int64(2002); np.int64(2003); np.int64(2004); np.int64(2005)],2006-2008,29.37,8.96,-45.68
T10,[np.int64(1997); np.int64(1998); np.int64(1999); np.int64(2000); np.int64(2001); np.int64(2002); np.int64(2003); np.int64(2004); np.int64(2005); np.int64(2006)],2007-2008,17.51,8.4,0.0
T11,[np.int64(1997); np.int64(1998); np.int64(1999); np.int64(2000); np.int64(2001); np.int64(2002); np.int64(2003); np.int64(2004); np.int64(2005); np.int64(2006); np.int64(2007)],2008-2008,117.86,117.86,0.0
