year,rank,證券代碼,簡稱,實際報酬
2010,1,4938,和碩,-17.3
2010,2,2376,技嘉,-25.04
2010,3,2377,微星,-21.13
2010,4,2104,國際中橡,0.06
2010,5,2023,燁輝,-4.38
2010,6,1210,大成,-4.04
2010,7,2301,光寶科,-6.12
2010,8,6176,瑞儀,59.91
2010,9,1434,福懋,4.87
2010,10,3231,緯創,-25.53
2011,1,4938,和碩,13.96
2011,2,2376,技嘉,32.59
2011,3,2377,微星,16.59
2011,4,3481,群創,28.35
2011,5,3036,文曄,2.16
2011,6,2317,鴻海,19.87
2011,7,3231,緯創,-12.21
2011,8,2104,國際中橡,21.02
2011,9,1605,華新,13.76
2011,10,2392,正崴,11.59
2012,1,4938,和碩,5.97
2012,2,2377,微星,84.73
2012,3,3036,文曄,3.84
2012,4,2376,技嘉,48.91
2012,5,3231,緯創,-7.97
2012,6,2324,仁寶,23.01
2012,7,2362,藍天,87.25
2012,8,8046,南電,3.9
2012,9,2104,國際中橡,-7.59
2012,10,6239,力成,2.23
2013,1,4938,和碩,99.1
2013,2,3231,緯創,24.18
2013,3,2542,興富發,56.14
2013,4,8046,南電,11.66
2013,5,2392,正崴,-12.79
2013,6,2104,國際中橡,21.69
2013,7,6214,精誠,-4.42
2013,8,1210,大成,39.21
2013,9,3044,健鼎,20.94
2013,10,3481,群創,38.66
2014,1,3706,神達,8.82
2014,2,2392,正崴,-3.84
2014,3,3036,文曄,-7.93
2014,4,8046,南電,-16.39
2014,5,6214,精誠,-5.56
2014,6,4938,和碩,3.38
2014,7,2104,國際中橡,-16.43
2014,8,3231,緯創,-28.75
2014,9,3044,健鼎,-5.12
2014,10,1605,華新,-26.31
2015,1,3706,神達,36.43
2015,2,2392,正崴,-15.6
2015,3,3231,緯創,45.35
2015,4,3036,文曄,36.14
2015,5,2362,藍天,-8.24
2015,6,8046,南電,-23.89
2015,7,1605,華新,64.81
2015,8,3044,健鼎,36.55
2015,9,6214,精誠,19.66
2015,10,5522,遠雄,18.88
