tv,train_years,n_train,test_years,n_test,ann_return,cum_return,mdd,volatility,sharpe,win_rate,avg_turnover,n_feat,C,gamma,epsilon
1,1997-1997,1,1998-2008,11,0.1311,2.876,-0.5844,0.6349,0.43,0.636,0.78,9,0.2555,0.10944,0.1267
2,1997-1998,2,1999-2008,10,0.0267,0.3014,-0.4945,0.451,0.248,0.6,0.711,5,3.7207,0.50057,0.456
3,1997-1999,3,2000-2008,9,0.1684,3.058,-0.4965,0.3662,0.624,0.889,0.7,14,0.1684,0.02051,0.192
4,1997-2000,4,2001-2008,8,0.1384,1.8207,-0.4639,0.4075,0.5,0.875,0.686,7,0.7115,0.17048,0.3011
5,1997-2001,5,2002-2008,7,0.2062,2.7148,-0.5218,0.6585,0.526,0.714,0.85,7,0.6874,1.0,0.4692
6,1997-2002,6,2003-2008,6,0.193,1.8828,-0.4775,0.6765,0.489,0.667,0.68,4,0.2984,0.14647,0.2754
7,1997-2003,7,2004-2008,5,0.2107,1.6016,-0.5452,0.608,0.583,0.8,0.75,14,4.8295,0.05243,0.1097
8,1997-2004,8,2005-2008,4,0.1911,1.0125,-0.556,0.9465,0.467,0.75,0.833,9,0.7908,0.8826,0.2942
9,1997-2005,9,2006-2008,3,0.0411,0.1285,-0.5014,0.871,0.279,0.667,0.65,8,0.774,0.12435,0.01
10,1997-2006,10,2007-2008,2,0.0764,0.1586,0.0,1.2041,0.309,0.5,0.7,11,0.2205,0.08753,0.1938
11,1997-2007,11,2008-2008,1,1.1183,1.1183,0.0,,,1.0,,9,0.4568,0.09117,0.4343
