tv,train_years,rank,指標,權重,重要度,C,gamma,epsilon
1,1997-1997,1,資產報酬率ROA,0.3128,0.0225,0.2555,0.10944,0.1267
1,1997-1997,2,股價營收比,0.2545,0.0183,0.2555,0.10944,0.1267
1,1997-1997,3,股價淨值比,0.1593,0.0115,0.2555,0.10944,0.1267
1,1997-1997,4,收盤價(元)_年,0.1162,0.0084,0.2555,0.10944,0.1267
1,1997-1997,5,M稅後淨利成長率,0.0849,0.0061,0.2555,0.10944,0.1267
1,1997-1997,6,利潤邊際NPM,0.0691,0.005,0.2555,0.10944,0.1267
1,1997-1997,7,M營業利益成長率,0.0032,0.0002,0.2555,0.10944,0.1267
1,1997-1997,8,M應收帳款週轉次,0.0,-0.0012,0.2555,0.10944,0.1267
1,1997-1997,9,Unknown masked parameter,0.0,-0.0005,0.2555,0.10944,0.1267
2,1997-1998,1,股價營收比,0.9405,0.1272,3.7207,0.50057,0.456
2,1997-1998,2,M營業利益成長率,0.0539,0.0073,3.7207,0.50057,0.456
2,1997-1998,3,M應收帳款週轉次,0.0056,0.0008,3.7207,0.50057,0.456
2,1997-1998,4,利潤邊際NPM,0.0,-0.0124,3.7207,0.50057,0.456
2,1997-1998,5,營業利益率OPM,0.0,-0.0089,3.7207,0.50057,0.456
3,1997-1999,1,收盤價(元)_年,0.4064,0.019,0.1684,0.02051,0.192
3,1997-1999,2,股價淨值比,0.354,0.0165,0.1684,0.02051,0.192
3,1997-1999,3,股價營收比,0.0757,0.0035,0.1684,0.02051,0.192
3,1997-1999,4,M稅後淨利成長率,0.0694,0.0032,0.1684,0.02051,0.192
3,1997-1999,5,M存貨週轉率 (次),0.0348,0.0016,0.1684,0.02051,0.192
3,1997-1999,6,M流動比率,0.0249,0.0012,0.1684,0.02051,0.192
3,1997-1999,7,營業利益率OPM,0.0203,0.0009,0.1684,0.02051,0.192
3,1997-1999,8,負債/淨值比,0.0078,0.0004,0.1684,0.02051,0.192
3,1997-1999,9,M營業利益成長率,0.0044,0.0002,0.1684,0.02051,0.192
3,1997-1999,10,M應收帳款週轉次,0.0024,0.0001,0.1684,0.02051,0.192
3,1997-1999,11,M淨值報酬率─稅後,0.0,-0.0003,0.1684,0.02051,0.192
3,1997-1999,12,資產報酬率ROA,0.0,-0.0001,0.1684,0.02051,0.192
3,1997-1999,13,利潤邊際NPM,0.0,-0.0003,0.1684,0.02051,0.192
3,1997-1999,14,Unknown masked parameter,0.0,-0.0,0.1684,0.02051,0.192
4,1997-2000,1,股價淨值比,0.7045,0.1186,0.7115,0.17048,0.3011
4,1997-2000,2,利潤邊際NPM,0.0978,0.0165,0.7115,0.17048,0.3011
4,1997-2000,3,股價營收比,0.0901,0.0152,0.7115,0.17048,0.3011
4,1997-2000,4,M速動比率,0.0624,0.0105,0.7115,0.17048,0.3011
4,1997-2000,5,資產報酬率ROA,0.0316,0.0053,0.7115,0.17048,0.3011
4,1997-2000,6,Unknown masked parameter,0.0136,0.0023,0.7115,0.17048,0.3011
4,1997-2000,7,M營業利益成長率,0.0,-0.0003,0.7115,0.17048,0.3011
5,1997-2001,1,股價淨值比,0.6342,0.1127,0.6874,1.0,0.4692
5,1997-2001,2,收盤價(元)_年,0.2486,0.0442,0.6874,1.0,0.4692
5,1997-2001,3,M淨值報酬率─稅後,0.0676,0.012,0.6874,1.0,0.4692
5,1997-2001,4,M存貨週轉率 (次),0.0341,0.006,0.6874,1.0,0.4692
5,1997-2001,5,資產報酬率ROA,0.0135,0.0024,0.6874,1.0,0.4692
5,1997-2001,6,M應收帳款週轉次,0.0021,0.0004,0.6874,1.0,0.4692
5,1997-2001,7,Unknown masked parameter,0.0,-0.0087,0.6874,1.0,0.4692
6,1997-2002,1,股價淨值比,0.7022,0.0944,0.2984,0.14647,0.2754
6,1997-2002,2,收盤價(元)_年,0.2978,0.04,0.2984,0.14647,0.2754
6,1997-2002,3,資產報酬率ROA,0.0,-0.0,0.2984,0.14647,0.2754
6,1997-2002,4,M營業利益成長率,0.0,-0.0019,0.2984,0.14647,0.2754
7,1997-2003,1,股價淨值比,0.3749,0.1535,4.8295,0.05243,0.1097
7,1997-2003,2,收盤價(元)_年,0.1451,0.0594,4.8295,0.05243,0.1097
7,1997-2003,3,負債/淨值比,0.1418,0.0581,4.8295,0.05243,0.1097
7,1997-2003,4,M速動比率,0.1014,0.0415,4.8295,0.05243,0.1097
7,1997-2003,5,M流動比率,0.0897,0.0367,4.8295,0.05243,0.1097
7,1997-2003,6,利潤邊際NPM,0.0445,0.0182,4.8295,0.05243,0.1097
7,1997-2003,7,股價營收比,0.0349,0.0143,4.8295,0.05243,0.1097
7,1997-2003,8,M淨值報酬率─稅後,0.0246,0.0101,4.8295,0.05243,0.1097
7,1997-2003,9,M存貨週轉率 (次),0.0212,0.0087,4.8295,0.05243,0.1097
7,1997-2003,10,市值(百萬元),0.0089,0.0037,4.8295,0.05243,0.1097
7,1997-2003,11,M應收帳款週轉次,0.0089,0.0036,4.8295,0.05243,0.1097
7,1997-2003,12,Unknown masked parameter,0.0041,0.0017,4.8295,0.05243,0.1097
7,1997-2003,13,M稅後淨利成長率,0.0,-0.0023,4.8295,0.05243,0.1097
7,1997-2003,14,資產報酬率ROA,0.0,-0.0007,4.8295,0.05243,0.1097
8,1997-2004,1,股價淨值比,0.4526,0.1525,0.7908,0.8826,0.2942
8,1997-2004,2,股價營收比,0.1425,0.048,0.7908,0.8826,0.2942
8,1997-2004,3,M淨值報酬率─稅後,0.1378,0.0464,0.7908,0.8826,0.2942
8,1997-2004,4,收盤價(元)_年,0.1222,0.0412,0.7908,0.8826,0.2942
8,1997-2004,5,利潤邊際NPM,0.1176,0.0396,0.7908,0.8826,0.2942
8,1997-2004,6,M存貨週轉率 (次),0.0274,0.0092,0.7908,0.8826,0.2942
8,1997-2004,7,M應收帳款週轉次,0.0,-0.0029,0.7908,0.8826,0.2942
8,1997-2004,8,資產報酬率ROA,0.0,-0.0069,0.7908,0.8826,0.2942
8,1997-2004,9,Unknown masked parameter,0.0,-0.002,0.7908,0.8826,0.2942
9,1997-2005,1,股價淨值比,0.5783,0.1424,0.774,0.12435,0.01
9,1997-2005,2,利潤邊際NPM,0.23,0.0566,0.774,0.12435,0.01
9,1997-2005,3,收盤價(元)_年,0.1316,0.0324,0.774,0.12435,0.01
9,1997-2005,4,營業利益率OPM,0.0206,0.0051,0.774,0.12435,0.01
9,1997-2005,5,M流動比率,0.0192,0.0047,0.774,0.12435,0.01
9,1997-2005,6,M稅後淨利成長率,0.0184,0.0045,0.774,0.12435,0.01
9,1997-2005,7,M存貨週轉率 (次),0.0019,0.0005,0.774,0.12435,0.01
9,1997-2005,8,資產報酬率ROA,0.0,-0.0093,0.774,0.12435,0.01
10,1997-2006,1,股價淨值比,0.4979,0.0842,0.2205,0.08753,0.1938
10,1997-2006,2,股價營收比,0.1519,0.0257,0.2205,0.08753,0.1938
10,1997-2006,3,收盤價(元)_年,0.1468,0.0248,0.2205,0.08753,0.1938
10,1997-2006,4,M速動比率,0.1033,0.0175,0.2205,0.08753,0.1938
10,1997-2006,5,負債/淨值比,0.0571,0.0096,0.2205,0.08753,0.1938
10,1997-2006,6,M流動比率,0.0315,0.0053,0.2205,0.08753,0.1938
10,1997-2006,7,M應收帳款週轉次,0.0063,0.0011,0.2205,0.08753,0.1938
10,1997-2006,8,營業利益率OPM,0.002,0.0003,0.2205,0.08753,0.1938
10,1997-2006,9,M存貨週轉率 (次),0.0019,0.0003,0.2205,0.08753,0.1938
10,1997-2006,10,Unknown masked parameter,0.0012,0.0002,0.2205,0.08753,0.1938
10,1997-2006,11,M淨值報酬率─稅後,0.0,-0.0129,0.2205,0.08753,0.1938
11,1997-2007,1,M淨值報酬率─稅後,0.2228,0.0886,0.4568,0.09117,0.4343
11,1997-2007,2,收盤價(元)_年,0.2048,0.0814,0.4568,0.09117,0.4343
11,1997-2007,3,股價淨值比,0.1913,0.076,0.4568,0.09117,0.4343
11,1997-2007,4,資產報酬率ROA,0.1824,0.0725,0.4568,0.09117,0.4343
11,1997-2007,5,M速動比率,0.1194,0.0474,0.4568,0.09117,0.4343
11,1997-2007,6,股價營收比,0.0687,0.0273,0.4568,0.09117,0.4343
11,1997-2007,7,M稅後淨利成長率,0.0094,0.0037,0.4568,0.09117,0.4343
11,1997-2007,8,M營業利益成長率,0.0013,0.0005,0.4568,0.09117,0.4343
11,1997-2007,9,Unknown masked parameter,0.0,-0.0057,0.4568,0.09117,0.4343
