tv,year,port_return,mkt_return
1,2013,-0.0294,-0.0038
1,2014,-0.1256,-0.1453
1,2015,-0.0566,0.038
1,2016,1.0753,0.2325
1,2017,-0.2317,-0.1425
1,2018,0.1978,0.2343
1,2019,0.0403,0.216
1,2020,0.2448,0.3257
1,2021,-0.1555,-0.2438
1,2022,0.2621,0.3375
1,2023,0.039,0.0883
1,2024,-0.1037,0.0686
2,2014,-0.0054,-0.1453
2,2015,0.0514,0.038
2,2016,0.2672,0.2325
2,2017,-0.2584,-0.1425
2,2018,0.1383,0.2343
2,2019,-0.0708,0.216
2,2020,0.6554,0.3257
2,2021,-0.2541,-0.2438
2,2022,0.5663,0.3375
2,2023,0.104,0.0883
2,2024,-0.1119,0.0686
3,2015,0.0506,0.038
3,2016,0.2141,0.2325
3,2017,-0.2406,-0.1425
3,2018,0.387,0.2343
3,2019,0.0945,0.216
3,2020,0.3694,0.3257
3,2021,-0.5168,-0.2438
3,2022,0.4267,0.3375
3,2023,0.1968,0.0883
3,2024,0.0335,0.0686
4,2016,0.2409,0.2325
4,2017,-0.1174,-0.1425
4,2018,0.1485,0.2343
4,2019,0.1551,0.216
4,2020,0.2075,0.3257
4,2021,-0.2074,-0.2438
4,2022,0.5263,0.3375
4,2023,0.0012,0.0883
4,2024,0.0509,0.0686
5,2017,-0.0733,-0.1425
5,2018,0.2202,0.2343
5,2019,0.4251,0.216
5,2020,0.1699,0.3257
5,2021,-0.0408,-0.2438
5,2022,0.5951,0.3375
5,2023,0.1829,0.0883
5,2024,0.3408,0.0686
6,2018,0.1978,0.2343
6,2019,0.0705,0.216
6,2020,0.4359,0.3257
6,2021,-0.2794,-0.2438
6,2022,0.1653,0.3375
6,2023,0.303,0.0883
6,2024,-0.0442,0.0686
7,2019,0.1799,0.216
7,2020,0.4344,0.3257
7,2021,-0.2267,-0.2438
7,2022,0.2804,0.3375
7,2023,0.1244,0.0883
7,2024,0.0605,0.0686
8,2020,0.2493,0.3257
8,2021,-0.1801,-0.2438
8,2022,0.4368,0.3375
8,2023,0.0033,0.0883
8,2024,0.0946,0.0686
9,2021,-0.3878,-0.2438
9,2022,0.0047,0.3375
9,2023,0.0447,0.0883
9,2024,0.1667,0.0686
10,2022,0.227,0.3375
10,2023,-0.0989,0.0883
10,2024,-0.152,0.0686
11,2023,0.0699,0.0883
11,2024,-0.2563,0.0686
12,2024,0.6513,0.0686
